# Taxonomy candidates (issue #37), written by scripts/taxonomy_candidates.py.
# Corpus: the 26587 IN descriptions of the development database, newest vacancy update 2026-09-20.
# O*NET 30.2 Technology Skills (CC BY 4.0): https://www.onetcenter.org/dl_files/database/db_30_2_text/Technology%20Skills.txt sha256 a6e7ea1fb368659a3a8ffe2895d8343cbe80b61efbb2db39cb3cb0f9bd56d3b4
# GitHub Linguist v9.7.0 languages.yml (MIT): https://raw.githubusercontent.com/github-linguist/linguist/v9.7.0/lib/linguist/languages.yml sha256 7c2bc5b59662de6c5d09cd4990e82b2541d4cd2ea7c8c213537730474f24a5c7
# Wikidata (CC0): class pulls on 2026-09-24, label lookups on 2026-09-24.
# df is the number of descriptions naming the candidate by any of its forms; each form=N is that form alone.
df	name	qid	sources	forms
26247	HAL/S	Q667290	wikidata:programming language	HAL/S=0|A=26247
24892	ActionScript	Q234657	linguist:programming|onet:Development environment software|onet:Object or component oriented development software|wikidata:programming language	ActionScript=3|AS=24892|AS3=5|actionscript 3=3|actionscript3=0
24799	TOPS-10	Q1670222	wikidata:operating system	TOPS-10=0|S=24449|T=9394
24449	S	Q1283865	wikidata:programming language	S=24449
22870	Berry		linguist:programming	Berry=5|be=22870
19474	Build	Q1003003	wikidata:software framework|wikidata:software library	Build=19474|Build Engine=0
19286	Microsoft Teams	Q28406404	onet:Enterprise application integration software|onet:Project management software	Microsoft Teams=107|Teams=19286
17267	Adobe Illustrator	Q215016	onet:Graphics or photo imaging software	Adobe Illustrator=1|AI=17262|Illustrator=12
15285	Vim Help File		linguist:prose	Vim Help File=0|help=15285|vimhelp=0
13733	Cloud		onet:Cloud-based management software	Cloud=13733
13511	make	Q300867	wikidata:programming language	make=13511
13062	Python	Q28865	linguist:programming|onet:Object or component oriented development software|wikidata:programming language	Python=13061|Python computer language=0|Python language=10|Python.org=0|py=4|py3=0|python3=2|rusthon=0
12861	Google Drive	Q125851182	onet:Cloud-based data access and sharing software	Google Drive=7|Drive=12861
10756	Vision	Q4040458	wikidata:software framework|wikidata:software library	Vision=10756|Havok Vision=0|Vision Engine=0|Vulpine Vision=0
10364	Office		onet:Office suite software	Office=10364
9822	Access		onet:Data base user interface and query software	Access=9822
9358	AWS		onet:Data base user interface and query software	AWS=9263|Amazon Web Services=245
8282	Just		linguist:programming	Just=8282|Justfile=0
7675	Deployment		onet:Configuration management software	Deployment=7675
7621	Enterprise	Q989875	onet:Cloud-based management software|onet:Enterprise system management software	Enterprise=7621
7204	Incompatible Timesharing System	Q1660989	wikidata:operating system	Incompatible Timesharing System=0|ITS=7204
7174	Go	Q37227	linguist:programming|onet:Development environment software|wikidata:programming language	Go=6537|golang=958
6900	Google Meet	Q56669074	onet:Video conferencing software	Google Meet=46|Meet=6900
6800	Universal Scene Description	Q60997373	wikidata:software library	Universal Scene Description=0|USD=6799|OpenUSD=1
6711	Edge		linguist:markup	Edge=6711
6474	Kubernetes	Q22661306	onet:Application server software	Kubernetes=6372|container orchestrator=3|K8s=303
5754	SQL	Q47607	linguist:data|onet:Data base user interface and query software|wikidata:programming language	SQL=5751|Structural Query Language=0|Structured query language=10
5405	Source	Q643572	wikidata:software framework|wikidata:software library	Source=5405|VMPI=0|Source Engine=0
5389	Analytics		onet:Analytical or scientific software|onet:Data mining software	Analytics=5389
5332	Self	Q1864529	linguist:programming|wikidata:programming language	Self=5332
5159	Azure	Q725967	onet:Development environment software	Azure=5159|Azul=0|Windows Azure=4|Microsoft Azure=672|Azure Services Plattform=0|Windows Azure Platform=0
5105	Microsoft Project	Q80336	onet:Project management software	Microsoft Project=24|Project=5105|MS Project=26
5028	Move		linguist:programming	Move=5028
5010	Processing	Q1053535	linguist:programming|wikidata:programming language	Processing=5007|p5=3|Proce55ing=0
4959	WEB	Q1141484	wikidata:programming language	WEB=4959
4875	ML	Q860654	wikidata:programming language	ML=4875
4721	D	Q319268	linguist:programming|wikidata:programming language	D=4721|D language=0|Dlang=0
4677	Java	Q251	linguist:programming|onet:Object or component oriented development software|wikidata:programming language	Java=4677
4677	Java platform	Q1713118	wikidata:software framework|wikidata:software library	Java platform=11|Java=4677
4664	TypeScript	Q978185	linguist:programming|onet:Object or component oriented development software|wikidata:programming language	TypeScript=3555|TS=1196
4660	Optimization		onet:Analytical or scientific software	Optimization=4660
4592	K	Q4042031	wikidata:programming language	K=4592|K Language=0
4565	Solid	Q2463685	wikidata:software framework|wikidata:software library	Solid=4565
4508	Email	Q99059364	onet:Electronic mail software	Email=4508|Android Email=0|com.android.email=0|Stock Email=0
4260	Action!	Q343587	wikidata:programming language	Action!=4260
4248	Reporting		onet:Data base reporting software	Reporting=4248
3901	Docker	Q15206305	onet:Application server software|wikidata:software framework|wikidata:software library	Docker=3901|Docker software=1
3883	Oracle Database	Q185524	onet:Data base management system software|onet:Data base user interface and query software|wikidata:DBMS	Oracle Database=35|Oracle=675|Oracle DBMS=5|Oracle RDBMS=2|Database=3457
3736	C++	Q2407	linguist:programming|onet:Object or component oriented development software|wikidata:programming language	C++=3711|cpp=25
3726	Linux	Q388	onet:Operating system software	Linux=3726
3581	Perl Compatible Regular Expressions	Q125267	wikidata:software library	Perl Compatible Regular Expressions=0|[^: space:]=3581|libpare=0|libpcre386=0|PCRE=0|PCRE383=0|PCRE386=0
3554	React	Q19399674	onet:Web platform development software|wikidata:software library	React=3388|React.js=117|Reactjs=136
3486	Terraform	Q28957072	onet:Configuration management software	Terraform=3478|tf=16|HashiCorp Terraform=10
3409	SAN		onet:Storage networking software	SAN=3407|Storage area network=4
3223	Workflow		onet:Content workflow software	Workflow=3223
3127	C	Q15777	linguist:programming|onet:Development environment software|wikidata:programming language	C=3127|C language=7
3127	C--	Q81348	wikidata:programming language	C--=3127|C minus minus=0
3097	Debugging		onet:Program testing software	Debugging=3097
3028	Expect	Q2642029	wikidata:programming language	Expect=3028
2915	E	Q2658244	linguist:programming|wikidata:programming language	E=2915
2902	JavaScript	Q2005	linguist:programming|onet:Web platform development software|wikidata:programming language	JavaScript=2788|js=193
2811	Click		linguist:programming	Click=2811
2744	BASIC	Q42979	linguist:programming|onet:Development environment software|wikidata:programming language	BASIC=2744|Symbolic Instruction Code=0|Beginner's all-purpose symbolic instruction code=0
2721	Git	Q186055	onet:File versioning software	Git=2721|content tracker=0|the stupid content tracker=0
2615	LinkedIn		onet:Web page creation and editing software	LinkedIn=2615
2607	GitHub	Q364	onet:Application server software|wikidata:software framework|wikidata:software library	GitHub=2607
2595	ConTeXt	Q1123462	wikidata:software library	ConTeXt=2595
2575	Clean	Q377986	linguist:programming|wikidata:programming language	Clean=2575
2563	Requests	Q22661317	wikidata:software library	Requests=2563
2407	root	Q947171	wikidata:programming language|wikidata:software library	root=2171|BLUE=285
2383	Apache Kafka	Q16235208	onet:Development environment software	Apache Kafka=293|Kafka=2383
2372	IBM WebSphere Application Server	Q81612	wikidata:software framework|wikidata:software library|wikidata:web framework	IBM WebSphere Application Server=0|WAS=2368|websphere=4|WebSphere Application Server=1
2248	Oracle Reports	Q4045946	onet:Data base reporting software	Oracle Reports=0|Reports=2248
2192	Text		linguist:prose	Text=1339|fundamental=874|plain text=15
2160	OpenEdge Advanced Business Language	Q1963461	wikidata:programming language	OpenEdge Advanced Business Language=0|Progress=2160|Progress 4GL=0
2034	Node.js	Q756100	onet:Web platform development software|wikidata:software framework|wikidata:software library	Node.js=1242|Node=734|NodeJS=193
2024	PHP	Q59	linguist:programming|onet:Web platform development software|wikidata:programming language	PHP=231|PHP Hypertext Preprocessor=0|inc=1815
2016	PostgreSQL	Q192490	onet:Object oriented data base management software|wikidata:DBMS	PostgreSQL=2016
1995	Apache Spark	Q7573619	onet:Business intelligence and data analysis software|onet:Object or component oriented development software|wikidata:software framework|wikidata:software library	Apache Spark=415|Spark=1995
1995	SPARK	Q3493345	wikidata:programming language	SPARK=1995|SPADE Ada Kernel=0
1929	LESS	Q1107192	linguist:markup|wikidata:software library	LESS=1929|less-css=0
1901	R	Q206904	linguist:programming|onet:Object or component oriented development software|wikidata:programming language	R=1901|GNU R=0|GNU S=0|R language=0|Rscript=0|splus=1
1886	Active Directory	Q55692	onet:Internet directory services software	Active Directory=358|AD=1604|MS Active Directory=6|MS AD=0
1834	B	Q797302	linguist:programming|wikidata:programming language	B=1834
1817	Google Docs	Q9344	onet:Word processing software	Google Docs=248|docs.google.com=12|docs.google.com/document=0|Google Documents=0|Docs=637|Documents=1198
1809	Step	Q1054682	wikidata:software framework|wikidata:software library	Step=1809
1721	Clarity		linguist:programming	Clarity=1721
1693	Velocity Template Language		linguist:markup	Velocity Template Language=0|vtl=1|velocity=1692
1689	Version control		onet:File versioning software	Version control=1689
1613	Concept		onet:Computer aided design CAD software	Concept=1613
1549	Rust		linguist:programming	Rust=1479|rs=77
1536	Microsoft Excel	Q11272	onet:Spreadsheet software	Microsoft Excel=118|Microsoft 365 Excel=0|Office Excel=4|Excel=1536
1527	Programming languages		onet:Development environment software	Programming languages=1527
1451	Bash		onet:Operating system software	Bash=1451
1430	C#	Q2370	linguist:programming|onet:Object or component oriented development software|wikidata:programming language	C#=1404|Microsoft Java=1|csharp=0|cake=33|cakescript=0
1422	Microsoft Windows	Q1406	onet:Operating system software	Microsoft Windows=57|MSFT Win=0|Windows=1422
1373	PyTorch	Q47509047	onet:Data base user interface and query software|wikidata:software framework|wikidata:software library	PyTorch=1365|torch=11
1346	YouTube	Q866	onet:Video creation and editing software	YouTube=1323|YT=2|www.youtube.com=81|youtu.be=1|Youtube.com=0
1340	Jira	Q1359246	onet:Content workflow software|onet:Project management software	Jira=1340|Jira Software=8
1334	Snowflake	Q114880973	onet:Data mining software	Snowflake=1334
1334	Verification		onet:Analytical or scientific software	Verification=1334
1320	Operating system		onet:Operating system software	Operating system=1320
1319	Simulation		onet:Analytical or scientific software	Simulation=1319
1310	GitLab EE	Q25973915	onet:Application server software	GitLab EE=0|GitLab=1310
1298	NoSQL		onet:Data base management system software	NoSQL=1298
1290	Connectivity		onet:Platform interconnectivity software	Connectivity=1290
1268	MySQL	Q850	onet:Data base management system software|onet:Data base user interface and query software|wikidata:DBMS	MySQL=1268
1239	Central		onet:Data base management system software	Central=1239
1238	Data modeling		onet:Metadata management software	Data modeling=1238
1236	Exchange		onet:Electronic mail software	Exchange=1236
1221	IntelliJ IDEA	Q1206660	onet:Development environment software	IntelliJ IDEA=8|IDEA=1187|IntelliJ=45
1219	Elasticsearch	Q3050461	onet:Data base management system software	Elasticsearch=730|es=523
1206	Apache Airflow	Q28915062	onet:Procedure management software	Apache Airflow=142|Airflow=1206|Apache Airflow software project=0
1204	Ansible	Q2852503	onet:Configuration management software|onet:Expert system software|wikidata:software framework|wikidata:software library	Ansible=1204|ansible software=2
1198	Sites		onet:Web page creation and editing software	Sites=1198
1191	Prometheus	Q52534999	wikidata:DBMS	Prometheus=1191|Prometheus Time Series Collection and Processing Server=0
1185	Fluent		linguist:programming	Fluent=1185
1183	Statistical		onet:Analytical or scientific software	Statistical=1183
1178	Inform	Q539268	wikidata:programming language	Inform=1178
1151	Spring Framework	Q720314	onet:Web platform development software|wikidata:software framework|wikidata:software library|wikidata:web framework	Spring Framework=112|Spring=1119|ac=31|ApplicationContext=0|springframework=1
1138	Migration		onet:Platform interconnectivity software	Migration=1138
1134	Adobe Director	Q360109	onet:Video creation and editing software	Adobe Director=0|Macromedia Director=0|Director=1134
1134	Director	Q113334672	onet:Network monitoring software	Director=1134
1126	Data analysis		onet:Analytical or scientific software	Data analysis=1126
1119	Sierra's Creative Interpreter	Q1066923	wikidata:software framework|wikidata:software library	Sierra's Creative Interpreter=0|SCI=1119
1115	Scheduling		onet:Calendar and scheduling software	Scheduling=1115
1112	Root cause analysis		onet:Analytical or scientific software	Root cause analysis=1112
1087	Reason	Q63565848	linguist:programming|wikidata:programming language	Reason=1085|ReasonML=2
1056	FALSE	Q2293248	wikidata:programming language	FALSE=1056
1045	Salesforce	Q115602131	onet:Customer relationship management CRM software	Salesforce=1045
1037	Kotlin	Q3816639	linguist:programming|onet:Development environment software|wikidata:programming language	Kotlin=1037
1023	Android		onet:Operating system software	Android=1023
1001	GAP	Q677161	linguist:programming|wikidata:programming language	GAP=1001|Groups, Algorithms and Programming=0
989	Scala	Q460584	linguist:programming|onet:Object or component oriented development software|wikidata:programming language	Scala=989
982	Apache HTTP Server	Q11354	onet:Application server software|onet:Portal server software	Apache HTTP Server=0|Apache=982|Apache web server=0|Apache webserver=1|httpd=1|HTTP Server=0
981	S3		onet:Storage networking software	S3=981|Simple Storage Service=1
973	Project management		onet:Project management software	Project management=973
967	MongoDB	Q1165204	onet:Data base management system software|wikidata:DBMS	MongoDB=967
965	MUMPS	Q1882071	linguist:programming|wikidata:programming language	MUMPS=4|M=962|Massachusetts General Hospital Utility Multi-Programming System=0|Multi-User Multi-Programming System=0
964	Adobe AIR	Q360310	onet:Development environment software|wikidata:software framework|wikidata:software library|wikidata:web framework	Adobe AIR=0|AIR=964|Adobe Integrated Runtime=0
953	Redis		onet:Data base management system software	Redis=953
941	Big Data		onet:Data base management system software	Big Data=941
931	Cisco IOS	Q753576	onet:Operating system software	Cisco IOS=20|Cisco Internetwork Operating System=0|Internetwork Operating System=0|IOS=931
903	Continuous integration		onet:File versioning software	Continuous integration=903
903	GraphQL	Q25104949	linguist:data|onet:Data base user interface and query software	GraphQL=903
890	DNS		onet:Internet directory services software	DNS=890|Domain name system=7
890	SAP ERP	Q167533	onet:Enterprise resource planning ERP software	SAP ERP=10|SAP=346|SAP enterprise resource planning=0|systems, applications and products in data processing enterprise resource planning=0|ERP=650|Enterprise resource planning=9
877	TensorFlow	Q21447895	onet:Analytical or scientific software|wikidata:software library	TensorFlow=877
875	eXist	Q311550	wikidata:DBMS	eXist=875
868	Access management		onet:Access software	Access management=868
868	MicroStation	Q1348042	onet:Computer aided design CAD software	MicroStation=11|CAD=866|Computer aided design=0
868	P′′	Q2072087	wikidata:programming language	P''=868
864	CRM		onet:Customer relationship management CRM software	CRM=846|Customer relationship management=35
846	Angular	Q28925578	onet:Web platform development software|wikidata:software framework|wikidata:software library|wikidata:web framework	Angular=846|Angular 2+=14
831	Org-mode	Q307228	linguist:prose|wikidata:software library	Org-mode=0|Org=831|orgmode=0
811	Batchfile		linguist:programming	Batchfile=0|bat=2|batch=809|dosbatch=0|winbatch=0
797	Google Workspace	Q509284	onet:Office suite software	Google Workspace=238|Google Apps para tu dominio=0|Workspace=797
784	PowerShell	Q840410	linguist:programming|onet:Development environment software|wikidata:programming language	PowerShell=784|posh=0|pwsh=0
781	Tax		onet:Accounting software	Tax=781
769	Configuration management		onet:Configuration management software	Configuration management=769
767	Ruby	Q74859063	linguist:programming|onet:Development environment software	Ruby=767|jruby=0|macruby=0|rake=0|rb=0|rbx=0
766	Google Slides	Q46272775	onet:Presentation software	Google Slides=2|Presentations=739|Slides=30|docs.google.com/presentation=0|Google Presentations=0|slides.google.com=0
754	Encryption		onet:Transaction security and virus protection software	Encryption=754
749	Cascading Style Sheets Level 3	Q27826469	linguist:markup|onet:Web platform development software	Cascading Style Sheets Level 3=0|CSS=748|Cascading style sheets=3
718	Scratch	Q275131	wikidata:programming language	Scratch=718|scratch.mit.edu=0
717	BigQuery	Q4904867	onet:Data base user interface and query software	BigQuery=717|Google BigQuery=57
708	Microsoft SQL Server	Q215819	onet:Data base management system software|onet:Data base user interface and query software|wikidata:DBMS	Microsoft SQL Server=85|MS SQL=82|MS SQL Server=31|MS SQLServer=1|MSSQL=54|SQL Server=624|Windows SQL=0
657	Confluence	Q1125400	onet:Project management software|wikidata:software framework|wikidata:software library	Confluence=657|Confluence Hosted=0
653	Lean	Q6509476	linguist:programming|wikidata:programming language	Lean=653|Lean prover=0
621	Raw token data		linguist:data	Raw token data=0|raw=621
620	HTML		linguist:markup	HTML=620|xhtml=0
620	Spring Boot	Q98731994	onet:Application server software|wikidata:software framework|wikidata:software library|wikidata:web framework	Spring Boot=620
610	HTTP		linguist:data	HTTP=610
608	Disaster recovery		onet:Backup or archival software	Disaster recovery=608
605	Pandas	Q15967387	onet:Data base user interface and query software	Pandas=605
602	CloudFormation		onet:Cloud-based management software	CloudFormation=602
601	gRPC	Q26356541	wikidata:software library	gRPC=601
595	Vue.js	Q24589705	linguist:markup|onet:Web platform development software|wikidata:software framework|wikidata:software library|wikidata:web framework	Vue.js=178|Vue=395|VueJS=47
591	EGO	Q1298367	wikidata:software framework|wikidata:software library	EGO=591
582	HCL Domino	Q60198	onet:Communications server software|onet:Electronic mail software	HCL Domino=0|Domino=23|Notes=559|IBM Domino=0|IBM Lotus Domino=0|Lotus Domino=0|HCL Notes=0|IBM Lotus Notes=0|IBM Notes=0|Lotus Notes=0
581	serverless computing	Q3958022	wikidata:software framework|wikidata:software library|wikidata:web framework	serverless computing=22|FaaS=6|function as a service=3|serverless=577
569	DEMOS	Q4153388	wikidata:operating system	DEMOS=569|UNAS=0
567	Capacity planning		onet:Requirements analysis and system architecture software	Capacity planning=567
564	Microsoft Dynamics	Q856705	onet:Enterprise resource planning ERP software	Microsoft Dynamics=23|Dynamics=564
551	Clinical		onet:Data base user interface and query software	Clinical=551
543	Tableau		onet:Business intelligence and data analysis software	Tableau=543
539	Genie		linguist:programming	Genie=539
539	Genie	Q1106293	wikidata:programming language|wikidata:software library	Genie=539
539	Genie	Q2981987	wikidata:software framework|wikidata:software library	Genie=539|Genie Engine=0
535	Eclipse Jersey	Q15981991	onet:Web platform development software	Eclipse Jersey=0|Project Jersey=0|Jersey=535
534	F*	Q5423569	linguist:programming|wikidata:programming language	F*=534|F star=0|Fstar=0
532	scikit-learn	Q1026367	onet:Development environment software|wikidata:software library	scikit-learn=499|scikit=503|scikits.learn=0|sklearn=29
526	Lift	Q1814618	wikidata:software framework|wikidata:software library|wikidata:web framework	Lift=526
523	AL		linguist:programming	AL=523
523	Next.js	Q56062435	wikidata:software framework|wikidata:software library|wikidata:web framework	Next.js=441|NextJS=87
521	UNIX		onet:Operating system software	UNIX=521
509	E-mail		linguist:data	E-mail=402|eml=1|mail=508|mbox=0
509	Jakarta Expression Language	Q1399846	wikidata:programming language	Jakarta Expression Language=0|EL 1.1=0|EL 2.1=0|EL 2.2=0|EL 3.0=0|Expression Language=509|Unified Expression Language=0
504	ABC	Q1057802	linguist:data|onet:Development environment software|wikidata:programming language	ABC=23|JSON=473|ABC programming language=0|geojson=7|jsonl=0|sarif=2|topojson=0
498	Amazon DynamoDB	Q15731832	onet:Data base management system software|wikidata:DBMS	Amazon DynamoDB=9|DynamoDB=498
498	desktop		linguist:data	desktop=498
492	Slack	Q17130715	onet:Cloud-based data access and sharing software	Slack=492|chatly.io=0|chatlyio=0|Slack HQ=0
492	V	Q61632937	linguist:programming|wikidata:programming language	V=492|V Language=0|vlang=0
489	Zoom	Q94979732	onet:Video conferencing software	Zoom=489
487	Data Pipeline		onet:Data base management system software	Data Pipeline=487
484	STAR		linguist:data	STAR=484
482	Checkstyle	Q1068794	wikidata:software library	Checkstyle=0|CS=482
481	cloud computing		onet:Access software	cloud computing=481
480	Red	Q3217187	linguist:programming|wikidata:programming language	Red=480|red/system=0
479	RabbitMQ	Q2081413	onet:Object or component oriented development software	RabbitMQ=479
478	Data warehouse		onet:Data mining software	Data warehouse=478
473	EC2		onet:Data base user interface and query software	EC2=473|Elastic Compute Cloud=0
471	Ruby on Rails	Q190478	onet:Web platform development software|wikidata:software framework|wikidata:software library|wikidata:web framework	Ruby on Rails=286|Rails=469|RoR=7
469	Shell		linguist:programming	Shell=465|zsh=7|envrc=0
459	ServiceNow		onet:Data base user interface and query software	ServiceNow=459
458	Metal		linguist:programming	Metal=458
457	Object oriented programming		onet:Object oriented data base management software	Object oriented programming=457
447	Unit testing		onet:Program testing software	Unit testing=447
441	NumPy	Q197520	linguist:programming|onet:Data base user interface and query software	NumPy=441
440	React Native	Q55774523	onet:Web platform development software|wikidata:software framework|wikidata:software library	React Native=440
439	Robots Exclusion Rules		linguist:data	Robots Exclusion Rules=0|robots=439|robots txt=0|robotx.txt=0
435	Cadence		linguist:programming	Cadence=435
432	Data visualization		onet:Analytical or scientific software	Data visualization=432
431	Swift	Q17118377	linguist:programming|onet:Object or component oriented development software|wikidata:programming language	Swift=431|Apple Swift=0|Swift language=1|Swift.org=0|Swiftlang=0
429	Scheme		linguist:programming|onet:Development environment software	Scheme=429
424	Mathematical		onet:Analytical or scientific software	Mathematical=424
422	FastAPI	Q101119404	wikidata:software framework|wikidata:software library|wikidata:web framework	FastAPI=422
421	macOS	Q14116	onet:Operating system software	macOS=403|OSX=3|Mac OS 10=0|Mac OS=24|Macintosh Operating System X=0|Modern Mac OS=0
419	Microservices Architecture		onet:Application server software	Microservices Architecture=419
411	Middleware		onet:Transaction server software	Middleware=411
410	Business intelligence		onet:Business intelligence and data analysis software|onet:Data base reporting software	Business intelligence=410
406	Git Commit		linguist:data	Git Commit=1|commit=406
402	ECS		onet:Application server software	ECS=402|Elastic Container Service=3
398	Gemini		linguist:prose	Gemini=398|gemtext=0
398	VPN		onet:Network security and virtual private network VPN equipment software|onet:Network security or virtual private network VPN management software	VPN=397|Virtual private networking=1
397	Mlflow		onet:Analytical or scientific software	Mlflow=397
388	SAML		onet:Web platform development software	SAML=388|Security assertion markup language=2
386	Algorithmic		onet:Analytical or scientific software	Algorithmic=386
383	Integration testing		onet:Program testing software	Integration testing=383
382	Microsoft Power BI	Q23542287	onet:Business intelligence and data analysis software	Microsoft Power BI=19|Power BI=382
367	Firewall		onet:Network security and virtual private network VPN equipment software	Firewall=367
365	Facebook	Q355	onet:Web page creation and editing software	Facebook=365|m.facebook.com=0|web.facebook.com=0|www.facebook.com=61
364	Relational database		onet:Data base user interface and query software	Relational database=364
364	Web application		onet:Development environment software	Web application=364
361	Apache Flex	Q616759	onet:Web platform development software	Apache Flex=0|Adobe Flex=0|Flex=361
361	Django	Q842014	onet:Web platform development software|wikidata:software framework|wikidata:software library|wikidata:web framework	Django=361|Django Project=0
361	FLEX	Q16993476	wikidata:operating system	FLEX=361
358	assembly language	Q165436	linguist:programming|wikidata:programming language	assembly language=17|assembly=274|asm=84|assembler language=0|assembly code=3
355	PySpark		onet:Data base user interface and query software	PySpark=355
352	Apache Maven	Q139941	onet:Development environment software	Apache Maven=3|Maven=352
352	FlagShip	Q163565	wikidata:programming language	FlagShip=352
349	MAGIC		onet:Analytical or scientific software	MAGIC=349
348	Redshift	Q7306255	onet:Data base user interface and query software	Redshift=348
347	Ads		onet:Sales and marketing software	Ads=347
341	FL	Q5426589	wikidata:programming language	FL=341
332	Factor	Q1391724	linguist:programming|wikidata:programming language	Factor=332
331	SageMaker		onet:Cloud-based management software	SageMaker=331
331	VMware		onet:Clustering software	VMware=331
323	Coherent	Q380473	wikidata:operating system	Coherent=323
322	Express.js	Q16878131	wikidata:software framework|wikidata:software library|wikidata:web framework	Express.js=26|Express=294|Expressjs=7
321	Catalyst	Q1050338	wikidata:software framework|wikidata:software library|wikidata:web framework	Catalyst=321
309	ClickHouse	Q27825826	wikidata:DBMS	ClickHouse=309
302	Route		onet:Network monitoring software	Route=302
300	RTOS		onet:Operating system software	RTOS=296|Real time operating system=24
300	Selenium	Q752522	onet:Program testing software|wikidata:software framework|wikidata:software library	Selenium=300
295	Joy	Q1265107	wikidata:programming language	Joy=295
292	Puppet	Q2095962	linguist:programming|onet:Configuration management software|wikidata:software framework|wikidata:software library	Puppet=292|Puppet Labs=0|Reductive Labs=0
291	Markdown		linguist:prose	Markdown=19|md=272|pandoc=0
288	BGP		onet:Switch or router software	BGP=288|Border Gateway Protocol=0
288	Liquid		linguist:markup	Liquid=288
287	CoffeeScript	Q1106819	linguist:programming|wikidata:programming language|wikidata:software library	CoffeeScript=0|coffee=287|coffee-script=0
285	Apache Hadoop	Q29120	onet:Data base management system software|wikidata:software framework|wikidata:software library	Apache Hadoop=5|Hadoop=285
284	Clustering		onet:Clustering software	Clustering=284
282	Database design		onet:Data base management system software	Database design=282
280	Systems integration		onet:Enterprise application integration software	Systems integration=280
277	Jest	Q65121527	onet:Program testing software	Jest=277
277	Pod		linguist:prose	Pod=277
273	A♯	Q4659444	wikidata:programming language	A sharp=273
272	WAN	Q140590654	onet:WAN switching software and firmware	WAN=267|Wide area network=13
271	Regression testing		onet:Program testing software	Regression testing=271
269	ShellSession		linguist:programming	ShellSession=0|bash session=0|console=269
267	Security testing		onet:Program testing software	Security testing=267
265	Ada	Q154755	linguist:programming|onet:Development environment software|wikidata:programming language	Ada=265|ada95=0|ada2005=0
265	Cuda		linguist:programming	Cuda=265
265	Penetration testing		onet:Transaction security and virus protection software	Penetration testing=265
263	Hope	Q4040754	wikidata:programming language	Hope=263
261	DHCP		onet:Administration software	DHCP=261|Dynamic host configuration protocol=0
260	Boost	Q893105	wikidata:software library	Boost=260|libboost=0
259	structured text	Q1753738	wikidata:programming language	structured text=8|STX=0|ST=251
256	Ubuntu	Q381	onet:Operating system software	Ubuntu=256|Canonical Ubuntu=2|Ubuntu GNU/linux=0|Ubuntu Linux operating system=0|Ubuntu OS=1|Ubuntu Project=1
255	MDM		onet:Metadata management software	MDM=228|Master Data Management MDM=9|Master Data Management=44
253	OpenSearch	Q106497646	wikidata:DBMS	OpenSearch=253
247	Component Object Model	Q662200	onet:Object or component oriented development software|wikidata:software framework|wikidata:software library	Component Object Model=0|COM=247
247	Workday		onet:Enterprise resource planning ERP software	Workday=247
242	Starlark		linguist:programming	Starlark=0|bazel=242|bzl=0
241	Forth	Q275472	linguist:programming|onet:Development environment software|wikidata:programming language	Forth=241
241	Google Sheets	Q46261310	onet:Spreadsheet software	Google Sheets=127|Sheets=170|docs.google.com/spreadsheets=0|Google Spreadsheets=2|sheets.google.com=0|Spreadsheets=73
238	Gradle	Q965596	linguist:data|onet:Object or component oriented development software	Gradle=238|Gradle Build Tool=4
238	Micrografx Designer	Q56612431	onet:Web platform development software	Micrografx Designer=0|Designer=238
237	Resource management		onet:Mobile location based services software	Resource management=237
235	GNU lightning	Q5514033	wikidata:software library	GNU lightning=0|lightning=235
235	ImpressCMS	Q1660390	onet:Web page creation and editing software	ImpressCMS=0|CMS=222|Content management systems=24
231	Database management		onet:Data base management system software	Database management=231
231	Switch	Q20880805	onet:Switch or router software	Switch=231
230	Apache Cassandra	Q616639	onet:Data base management system software|wikidata:DBMS	Apache Cassandra=3|Cassandra=230
222	Interpreter		onet:Compiler and decompiler software	Interpreter=222
221	MATLAB	Q169478	linguist:programming|wikidata:programming language	MATLAB=221|Matrix Laboratory=0
217	Flask	Q289281	onet:Development environment software|wikidata:software framework|wikidata:software library|wikidata:web framework	Flask=217
216	Hugging Face		onet:Development environment software	Hugging Face=216
216	Protocol Buffer		linguist:data	Protocol Buffer=2|proto=51|protobuf=128|Protocol Buffers=58
215	Kinesis		onet:Data base management system software	Kinesis=215
213	ht://Dig	Q3141771	onet:Network monitoring software	ht://Dig=0|Dig=213|htDig=0
212	LAN		onet:LAN software	LAN=211|Local area network=5
212	XML	Q2115	linguist:data|wikidata:programming language	XML=209|eXtensible Markup Language=0|xsd=6|wsdl=1
211	General Architecture for Text Engineering	Q975453	wikidata:software library	General Architecture for Text Engineering=0|GATE=211
211	Redux	Q28957057	wikidata:software library	Redux=211
211	SonarQube	Q541691	onet:Program testing software	SonarQube=115|Sonar=102
210	RPC		linguist:programming	RPC=97|rpcgen=0|oncrpc=0|xdr=114
209	Windows Server		onet:Application server software|onet:Operating system software	Windows Server=209
208	Figma	Q96186334	onet:Graphical user interface development software	Figma=208|figma.com=39
207	Apex		linguist:programming	Apex=207
207	Microsoft Word	Q11261	onet:Word processing software	Microsoft Word=7|Multi-Tool Word=0|Word=207
205	IDS		onet:Network security or virtual private network VPN management software	IDS=204|Intrusion detection system=6
202	Postman	Q105538901	onet:Operating system software	Postman=202
201	LiveCode	Q3068282	wikidata:programming language	LiveCode=0|Revolution=201|MetaCard=0
199	Nunjucks	Q101001102	linguist:markup|onet:Web platform development software	Nunjucks=0|NJ=199|NJK=0|NJX=0
196	Load testing		onet:Program testing software	Load testing=196
195	Chef	Q24479	onet:Configuration management software	Chef=195|Chef software=0|Progress Chef=0
195	Data extraction		onet:Data mining software	Data extraction=195
195	RESTful API		onet:Web platform development software	RESTful API=195
193	Data validation		onet:Information retrieval or search software	Data validation=193
189	Logitech Media Server	Q1476949	onet:Computer based training software	Logitech Media Server=0|SC=153|SS=5|SBS=2|LMS=30|SlimServer=0|Squeezebox Server=0|SqueezeCenter=0|Learning management system=4
188	Risk assessment		onet:Network security or virtual private network VPN management software	Risk assessment=188
183	DOS		onet:Operating system software	DOS=183|Disk operating system=0
183	Google Apps Script	Q5583799	wikidata:programming language|wikidata:software framework|wikidata:software library|wikidata:web framework	Google Apps Script=14|GAS=169
181	MITRE ATT&CK		onet:Program testing software	MITRE ATT&CK=181
180	Apache Hive	Q4778914	onet:Data base management system software|onet:Data base user interface and query software|wikidata:DBMS	Apache Hive=0|Hive=180
180	OSPF		onet:Internet protocol IP multimedia subsystem software	OSPF=180|Open Shortest Path First=0
180	Tailwind CSS	Q102173844	wikidata:software framework|wikidata:software library	Tailwind CSS=93|Tailwind=161|TailwindCSS=20
180	webpack	Q22909730	onet:Web platform development software|wikidata:software library	webpack=180
177	Cool		linguist:programming	Cool=177
174	JUnit	Q847675	onet:Program testing software|wikidata:software framework|wikidata:software library	JUnit=174
171	Flutter	Q39072787	wikidata:software framework|wikidata:software library	Flutter=171
167	Microsoft SharePoint	Q18833	onet:Document management software	Microsoft SharePoint=6|SharePoint=167
165	Kubeflow	Q65048974	onet:Analytical or scientific software	Kubeflow=165
161	Microsoft Outlook	Q80911	onet:Electronic mail software	Microsoft Outlook=0|Outlook=161|Microsoft Office Outlook=3|MS Outlook=2
161	Vite	Q111590996	wikidata:software framework|wikidata:software library	Vite=161
159	Compilers		onet:Compiler and decompiler software	Compilers=159
158	FLUX		linguist:programming	FLUX=158
153	Quantum	Q28457708	wikidata:software framework|wikidata:software library	Quantum=153|Firefox Quantum=0|Mozilla Quantum=0|Quantum engine=0|Quantum rendering engine=0
153	Robot Operating System	Q2160077	wikidata:software framework|wikidata:software library	Robot Operating System=6|ROS=152|Robotic Operating System=2
151	npm	Q7067518	wikidata:software library	npm=151|Node Package Manager=0
150	Hibernate	Q747866	wikidata:software framework|wikidata:software library	Hibernate=150
148	Salt		linguist:programming	Salt=119|saltstack=29|saltstate=0
147	Bootstrap	Q893195	onet:Web platform development software|wikidata:software framework|wikidata:software library	Bootstrap=147
147	Ignore List		linguist:data	Ignore List=0|ignore=147|gitignore=0|git-ignore=0
144	Microsoft Defender Antivirus	Q243269	onet:Transaction security and virus protection software	Microsoft Defender Antivirus=0|Defender=144|Microsoft AntiSpyware=0|Microsoft Defender antimalware platform=0|Windows Defender=1|Defender Antivirus=0
143	Data mining		onet:Data mining software	Data mining=143
141	SeeU	Q55530	wikidata:software library	SeeU=0|SeU=141
140	OpenShift	Q2912272	onet:Application server software	OpenShift=140
138	SCM	Q7389181	onet:Development environment software	SCM=80|GNU SCM=0|Source code management=60
137	q		linguist:programming	q=137
134	IDE		onet:Development environment software	IDE=131|Integrated development environment=3
133	Adobe Flash	Q165658	wikidata:software framework|wikidata:software library	Adobe Flash=0|Flash=133|Macromedia Flash=0|FutureSplash Animator=0|Fla=0|Flash 4 Linux=0|Flash CS3=0|Flash MX=0|FlashMX=0|Shockwave Flash=0|Swf=0|UIRA=0
133	Adobe Flash Player	Q857177	wikidata:software framework|wikidata:software library	Adobe Flash Player=0|Macromedia Flash Player=0|flash=133|Flash Player=0
132	Cobalt Qube	Q4036343	wikidata:operating system	Cobalt Qube=0|Qube=132
132	Hosts File		linguist:data	Hosts File=0|hosts=132
131	Component libraries		onet:Development environment software	Component libraries=131
131	Static analysis		onet:Program testing software	Static analysis=131
129	Help desk		onet:Helpdesk or call center software	Help desk=129
128	NAS		onet:Internet directory services software	NAS=128|Network addressable storage=2
127	IPS		onet:Network security or virtual private network VPN management software	IPS=127|Intrusion prevention system=0
126	EMR		onet:Business intelligence and data analysis software	EMR=126|Elastic MapReduce=1
126	Kit		linguist:markup	Kit=126
125	BETA	Q830842	wikidata:programming language	BETA=125|chhattisgarhi=0
125	IQ		onet:Data base management system software	IQ=125
125	S&box	Q98940045	wikidata:software framework|wikidata:software library	S&box=0|Sandbox=125
124	Bitbucket	Q2493781	onet:Application server software	Bitbucket=124|Atlassian Bitbucket=1|bitbucket.org=0
124	NestJS	Q107015664	wikidata:software framework|wikidata:software library|wikidata:web framework	NestJS=105|Nest=6|Nest.js=16
124	XGBoost	Q23793561	onet:Development environment software|wikidata:software library	XGBoost=123|eXtreme Gradient Boosting=1
123	Checksums		linguist:data	Checksums=0|checksum=1|hash=26|hashes=2|sum=90|sums=4
122	Network monitoring		onet:Network monitoring software	Network monitoring=122
122	Perl	Q42478	linguist:programming|onet:Object or component oriented development software|wikidata:programming language	Perl=115|Pearl=8|Perl/CGI=0|Practical Extraction and Reporting Language=0|cperl=0
122	Xcas	Q3570844	wikidata:software library	Xcas=0|giac=122
121	Network design		onet:Computer aided design CAD software	Network design=121
121	Patch management		onet:Configuration management software	Patch management=121
121	Power Automate		onet:Enterprise application integration software	Power Automate=121
120	Construct	Q5164395	wikidata:software framework|wikidata:software library	Construct=120
119	Atari TOS	Q1574899	wikidata:operating system	Atari TOS=0|The Operating System=119|Tramiel Operating System=0
118	MIS		onet:Enterprise resource planning ERP software	MIS=70|Management information systems=50
117	Endpoint Protection		onet:Transaction security and virus protection software	Endpoint Protection=117
116	YAML		linguist:data	YAML=114|yml=2
115	Home Assistant	Q28957018	wikidata:software framework|wikidata:software library	Home Assistant=0|HA=115|HASS=0|Hass.io=0|Home Assistant Core=0|homeassistant=0
115	Nix		linguist:programming	Nix=85|nixos=52
114	Matplotlib	Q2985668	wikidata:software library	Matplotlib=114
114	Opa	Q3353033	linguist:programming|wikidata:programming language|wikidata:software framework|wikidata:software library|wikidata:web framework	Opa=114
113	Bicep		linguist:programming	Bicep=113
113	pluggable authentication module	Q1369730	wikidata:software framework|wikidata:software library	pluggable authentication module=0|PAM=113
113	Project planning		onet:Project management software	Project planning=113
113	SEO		onet:Business intelligence and data analysis software	SEO=112|Search engine optimization=5
112	Remote access		onet:Access software	Remote access=112
111	Active Server Pages	Q344266	linguist:programming|onet:Web platform development software|wikidata:programming language|wikidata:software framework|wikidata:software library|wikidata:web framework	Active Server Pages=0|ASP=12|ASP.Net=105|Classic ASP=5|Active Server Pages ASP=0
111	Apache Ant	Q385970	onet:Development environment software|wikidata:programming language|wikidata:software library	Apache Ant=1|Ant=111
111	MuleSoft		onet:Enterprise application integration software	MuleSoft=111
110	Debuggers		onet:Program testing software	Debuggers=110
110	PowerPoint		onet:Presentation software	PowerPoint=110
110	Wireshark	Q403539	onet:Network monitoring software	Wireshark=110
109	System Integrity Protection	Q20648354	linguist:programming|onet:Internet protocol IP multimedia subsystem software	System Integrity Protection=1|rootless=0|SIP=109|Session Initiation Protocol=2
108	Keras	Q28470421	onet:Operating system software|wikidata:software framework|wikidata:software library	Keras=108
108	Test design		onet:Program testing software	Test design=108
106	ASP.NET	Q178817	linguist:programming|onet:Web platform development software|wikidata:software framework|wikidata:software library|wikidata:web framework	ASP.NET=105|aspx=1|aspx-vb=0
106	Azure Data Factory		onet:Cloud-based management software	Azure Data Factory=106
106	Marketing Cloud		onet:Web page creation and editing software	Marketing Cloud=106
106	SwiftUI	Q97455771	wikidata:GUI toolkit|wikidata:software framework|wikidata:software library	SwiftUI=106
104	Airtable		onet:Data base user interface and query software	Airtable=104
104	J	Q383994	linguist:programming|onet:Development environment software|wikidata:programming language	J=104|J Language=0
104	System testing		onet:Program testing software	System testing=104
103	HubSpot		onet:Sales and marketing software	HubSpot=103
101	Data entry		onet:Data base user interface and query software	Data entry=101
101	Neo4j	Q1628290	onet:Data base user interface and query software|wikidata:DBMS	Neo4j=101
101	SciPy	Q197492	onet:Object or component oriented development software	SciPy=101|scipy.org=0
100	GIS		onet:Geographic information system	GIS=100|Geographic information system=2
100	JavaScript framework		onet:Web platform development software	JavaScript framework=100
100	Router		onet:Switch or router software	Router=100
99	Carbon	Q113157814	linguist:programming|wikidata:programming language	Carbon=99|Carbon language=0|Carbon-Lang=0|Carbonlang=0
99	Data mapping		onet:Metadata management software	Data mapping=99
99	OpenStack	Q1470293	onet:Cloud-based management software	OpenStack=99
98	Chatbot		onet:Industrial control software	Chatbot=98
98	CMake	Q1023904	linguist:programming|onet:Development environment software	CMake=98
98	Data General AOS	Q5227169	wikidata:operating system	Data General AOS=0|AOS=98
98	GDB		linguist:programming	GDB=98
97	Power Platform		onet:Enterprise application integration software	Power Platform=97
96	Nginx		linguist:data	Nginx=96|nginx configuration file=0
96	Wiring	Q537288	wikidata:programming language|wikidata:software framework|wikidata:software library	Wiring=96
94	Failure analysis		onet:Analytical or scientific software	Failure analysis=94
94	Objective-C	Q188531	linguist:programming|onet:Object or component oriented development software|wikidata:programming language	Objective-C=79|Objc=12|obj-c=3|objectivec=0
93	General Problem Solver	Q1387212	onet:Mobile location based services software	General Problem Solver=0|GPS=93|G.P.S.=0|Global positioning system=0
93	Leo		linguist:programming	Leo=93
92	OpenGL	Q178570	onet:Graphics or photo imaging software|wikidata:software library	OpenGL=45|GL=49|OGL=0|Open GL=2|Open Graphics Library=0
92	OpenVMS	Q479882	onet:Operating system software|wikidata:operating system	OpenVMS=3|VMS=89|VAX/VMS=0|Virtual Memory System=0
92	Presto	Q1074972	wikidata:software framework|wikidata:software library	Presto=92
92	Requirements analysis		onet:Requirements analysis and system architecture software	Requirements analysis=92
91	Logo	Q201436	wikidata:programming language	Logo=91
91	Network management		onet:Administration software	Network management=91
90	Functional testing		onet:Program testing software	Functional testing=90
89	EQ		linguist:programming	EQ=89
87	React Redux		onet:Web platform development software	React Redux=87
87	VM	Q5013572	wikidata:operating system	VM=87|CP-370=0|VM/370=0|VM/CMS=0
86	Blueprint		linguist:markup	Blueprint=85|blp=1
86	Celery	Q5057824	wikidata:software library	Celery=86|Celery Task Queue=0
86	Firebase	Q18150728	wikidata:software framework|wikidata:software library	Firebase=86|Firebase, Inc.=0|Google Firebase=2
85	Google Classroom	Q16927658	onet:Project management software	Google Classroom=1|Classroom=85|classroom.google.com=0
85	Slice		linguist:programming	Slice=85
84	Diff		linguist:data	Diff=84|udiff=0
84	SCADA		onet:Industrial control software	SCADA=84|Supervisory control and data acquisition=2
83	Apache JMeter	Q616885	onet:Object or component oriented development software	Apache JMeter=3|JMeter=83
83	Appium		onet:Program testing software	Appium=83
83	Transact-SQL	Q1411245	onet:Data base user interface and query software|onet:Object oriented data base management software|wikidata:programming language	Transact-SQL=4|T-SQL=79
82	Jupyter		onet:Object or component oriented development software	Jupyter=82
82	SAS	Q2003932	linguist:programming|onet:Analytical or scientific software	SAS=82|Statistical Analysis System=0
82	SAS Language	Q7388824	wikidata:programming language	SAS Language=0|SAS=82
82	Unreal Engine 1	Q84583653	wikidata:software framework|wikidata:software library	Unreal Engine 1=0|Unreal Engine=75|UE=9|UE 1=0
81	Gherkin		linguist:programming	Gherkin=12|cucumber=72
81	HCL		linguist:programming	HCL=20|HashiCorp Configuration Language=0|opentofu=61
80	A+	Q277710	wikidata:programming language	A+=80
80	Prisma		linguist:data	Prisma=80
79	Informatica		onet:Metadata management software	Informatica=79
78	Snap!	Q1002996	wikidata:programming language	Snap!=78|BYOB=0|Construye tus propios bloques=0
77	Sass	Q1572865	linguist:markup|onet:Web platform development software|wikidata:programming language	Sass=77|syntactically awesome style sheets=0
76	UrWeb		linguist:programming	UrWeb=0|Ur/Web=0|Ur=76
75	Elixir	Q5362035	linguist:programming|wikidata:programming language	Elixir=75
74	Apache Solr	Q2858103	onet:Data base management system software	Apache Solr=4|Apache Solr Enterprise Search Server=0|Solr=74
73	ATS	Q621618	linguist:programming|wikidata:programming language	ATS=73|ats2=0
73	Dynatrace		onet:Network monitoring software	Dynatrace=73
72	ArcGIS	Q513297	onet:Geographic information system|onet:Map creation software	ArcGIS=72|arcgis.com=0
72	PL/SQL	Q41574	onet:Data base management system software|wikidata:programming language	PL/SQL=72|Procedural Language/Structured Query Language=1
71	Mesa	Q1042397	wikidata:programming language	Mesa=71
71	Mesa	Q1778544	wikidata:software library	Mesa=71|Mesa library=0
71	Software development tools		onet:Development environment software	Software development tools=71
70	FP	Q1474061	wikidata:programming language	FP=70
70	Publisher		onet:Desktop publishing software	Publisher=70
69	Power Systems		onet:Enterprise system management software	Power Systems=69
69	tcpdump	Q306039	onet:Network monitoring software	tcpdump=69
68	Podman	Q70876440	wikidata:software framework|wikidata:software library	Podman=68|libpod=0|podman.io=0
68	Shoes	Q631117	wikidata:GUI toolkit|wikidata:software library	Shoes=68
68	Visual Studio	Q134067	onet:Development environment software	Visual Studio=68|Microsoft Visual Studio .NET=0|Visual Studio .NET=0|Microsoft Visual Studio=6
67	OPhone	Q3124912	wikidata:operating system	OPhone=0|OMS=67|Open Mobile System=0
67	Planner	Q2349274	wikidata:programming language	Planner=67
66	Apache Groovy	Q504453	linguist:programming|onet:Object or component oriented development software|onet:Web platform development software|wikidata:programming language	Apache Groovy=0|Groovy=66
65	Software as a service SaaS		onet:Cloud-based data access and sharing software	Software as a service SaaS=65
65	WordPress	Q13166	onet:Web page creation and editing software	WordPress=65|Wordpress.org=0
64	Charity		linguist:programming	Charity=64
64	OrientDB	Q808716	wikidata:DBMS	OrientDB=0|Orient=64
64	Simulink	Q606550	onet:Analytical or scientific software|wikidata:programming language	Simulink=64
64	Spreadsheet		onet:Spreadsheet software	Spreadsheet=64
63	.NET Framework		onet:Development environment software	.NET Framework=63
63	Close to Metal	Q2655785	wikidata:programming language	Close to Metal=0|CTM=1|Close-to-the-Metal=10|Data Parallel Virtual Machine=0|THIN=52|Thin Hardware INterface=0
62	Apache Continuum	Q773148	onet:Development environment software	Apache Continuum=0|Continuum=62
62	Entity Framework	Q851939	wikidata:software framework|wikidata:software library	Entity Framework=51|EF=19|ADO.NET Entity Framework=0
61	Adventure Game Interpreter	Q379944	wikidata:software framework|wikidata:software library	Adventure Game Interpreter=0|AGI=61
61	AngularJS	Q2849803	wikidata:software framework|wikidata:software library	AngularJS=60|Angular 1.=1|Angular JS=0|Angular.js=2
61	Falcon	Q580448	wikidata:programming language	Falcon=61
61	jQuery	Q230036	onet:Object or component oriented development software|onet:Web platform development software|wikidata:software library	jQuery=61
61	pcap	Q285459	wikidata:software framework|wikidata:software library	pcap=7|packet capture=56
61	SCSS		linguist:markup	SCSS=61
61	Smartsheet		onet:Project management software	Smartsheet=61
61	Svelte	Q16863097	linguist:markup|wikidata:programming language|wikidata:software framework|wikidata:software library|wikidata:web framework	Svelte=60|sveltejs=1
60	InfluxDB	Q28127110	wikidata:DBMS	InfluxDB=60
60	Ring	Q25462748	linguist:programming|wikidata:programming language	Ring=60
60	SNMP		onet:Administration software	SNMP=60|Simple network management protocol=0
60	Tape		linguist:programming	Tape=60|vhs=0
58	Apache Druid	Q3715530	wikidata:DBMS	Apache Druid=6|Druid=58
58	Database security		onet:Network security or virtual private network VPN management software	Database security=58
58	Lucid	Q3561750	wikidata:programming language	Lucid=58
58	Xcode	Q250328	onet:Development environment software	Xcode=58
57	Jakarta EE	Q193247	onet:Development environment software|wikidata:software framework|wikidata:software library|wikidata:web framework	Jakarta EE=1|J2EE=45|Java 2 Platform, Enterprise Edition=0|Java EE=10|Java Platform, Enterprise Edition=0|Javaee=2|Java Enterprise Edition EE=0|Java Enterprise Edition=1
57	Ninja		linguist:data	Ninja=57
57	Visualforce		onet:Graphical user interface development software	Visualforce=57
56	File system		onet:Filesystem software	File system=56
56	Ghidra	Q61983083	onet:Computer aided design CAD software	Ghidra=56
56	HTML+ECR		linguist:markup	HTML+ECR=0|ecr=56
56	Io	Q756175	linguist:programming|wikidata:programming language	Io=56
56	Zeta	Q136062	wikidata:operating system	Zeta=56|magnussoft ZETA=0
55	Azure Cosmos DB	Q20707889	wikidata:DBMS	Azure Cosmos DB=5|Cosmos=49|Azure CosmosDB=0|Azure DocumentDB=0|Cosmos DB=23|CosmosDB=6
55	C3		linguist:programming	C3=55
55	Requirements management		onet:Requirements analysis and system architecture software	Requirements management=55
55	Stress testing		onet:Program testing software	Stress testing=55
55	WebGL	Q375913	wikidata:programming language	WebGL=55|Web Graphics Library=0
54	Application management		onet:Configuration management software	Application management=54
54	OCR		onet:Optical character reader OCR or scanning software	OCR=54|Optical character recognition=10
54	Security Support Provider	Q132671843	onet:Transaction security and virus protection software	Security Support Provider=0|SSP=54|Stack smashing protection=0
53	Bamboo	Q4853396	onet:Enterprise application integration software	Bamboo=53|Atlassian Bamboo=1
53	Dynamic analysis		onet:Program testing software	Dynamic analysis=53
53	Embedded C	Q5369984	wikidata:programming language	Embedded C=53
53	EOS	Q47494147	wikidata:software framework|wikidata:software library	EOS=53|EOS.io=0
53	Launchpad	Q845271	onet:Data base user interface and query software	Launchpad=53|launchpad.net=0
53	MariaDB	Q787177	onet:Data base management system software|wikidata:DBMS	MariaDB=53
53	Object-oriented programming languages		onet:Object or component oriented development software	Object-oriented programming languages=53
53	Propel	Q918675	wikidata:software library	Propel=53
53	Web design		onet:Web page creation and editing software	Web design=53
52	Gettext Catalog		linguist:prose	Gettext Catalog=0|pot=52
52	IBM Db2	Q431195	onet:Data base user interface and query software|wikidata:DBMS	IBM Db2=1|Db2=52
52	Thrift		linguist:programming	Thrift=52
52	Windows 7	Q11215	wikidata:operating system	Windows 7=2|Vienna=50|Windows 7 SP1=0|Windows Seven=0
51	Allegro	Q1503415	wikidata:GUI toolkit|wikidata:software library	Allegro=51|Allegro game programming library=0|Allegro Gaming Library=0|Allegro library=0
50	Ace	Q339893	wikidata:software library	Ace=50|Ace editor=0|ace.c9.io=0|Ajax.org Cloud9 Editor=0
50	LXC	Q2597211	wikidata:software framework|wikidata:software library	LXC=23|LinuX Containers=27
50	Single sign-on SSO		onet:Authentication server software	Single sign-on SSO=50
49	Cosmos	Q2354375	wikidata:operating system	Cosmos=49
49	ECLiPSe		linguist:programming	ECLiPSe=49
49	Fortify		onet:Network security or virtual private network VPN management software	Fortify=49
49	XL	Q1859276	wikidata:programming language	XL=49
48	Arc	Q2438046	linguist:programming|wikidata:programming language	Arc=48
48	EDI	Q20715658	onet:Enterprise application integration software	EDI=48|Electronic data interchange=6
47	Common Lisp	Q849146	linguist:programming|wikidata:programming language	Common Lisp=0|CL=47
47	SAM	Q131368113	onet:Data base user interface and query software	SAM=44|Sparse Additive Modelling=0|Software asset management=9
46	ASP.NET Core	Q17513350	wikidata:software framework|wikidata:software library|wikidata:web framework	ASP.NET Core=46|ASP.NET vNext=0
46	AutoCAD	Q83570	onet:Computer aided design CAD software	AutoCAD=46
46	Dart	Q406009	linguist:programming|wikidata:programming language	Dart=46|ECMA-408=0|Google Dart=0
46	Defect tracking		onet:Program testing software	Defect tracking=46
46	Dropbox	Q142539	onet:Cloud-based data access and sharing software	Dropbox=46
46	Max		linguist:programming	Max=46|maxmsp=0
46	Public Key		linguist:data	Public Key=46
46	TestNG	Q4385601	onet:Program testing software|wikidata:software framework|wikidata:software library	TestNG=46
45	Ping Identity		onet:Transaction security and virus protection software	Ping Identity=45
45	Stripes	Q2506681	wikidata:software framework|wikidata:software library|wikidata:web framework	Stripes=45
44	Apache Tomcat	Q507430	onet:Web platform development software	Apache Tomcat=11|Tomcat=44|Jakarta Tomcat=0|Tomcat Server=0
44	SolarWinds		onet:Cloud-based protection or security software	SolarWinds=44
43	CSV		linguist:data	CSV=43
43	Hack	Q15971618	linguist:programming|wikidata:programming language	Hack=43
43	LLVM		linguist:programming	LLVM=43
43	Qalb	Q7265978	wikidata:programming language	Qalb=0|Alb=43|Qlb=0
43	Windows Presentation Foundation	Q239084	wikidata:GUI toolkit|wikidata:software framework|wikidata:software library	Windows Presentation Foundation=2|WPF=43
42	bc	Q300897	wikidata:programming language	bc=42|Basic Calculator=0|UNIX bc=0
42	Bouncy Castle	Q2090083	wikidata:software library	Bouncy Castle=0|BC=42|Legion of the Bouncy Castle=0|The Legion of the Bouncy Castle=0
42	Cypher Query Language	Q16834355	linguist:programming|wikidata:programming language	Cypher Query Language=0|Cypher=38|CQL=5
42	Jupyter Notebook	Q105099901	linguist:markup|onet:Object or component oriented development software	Jupyter Notebook=7|IPython Notebook=0|Jupyter Notebooks=35
42	Ollama	Q124636097	wikidata:software library	Ollama=42
42	Packet analysis		onet:Network monitoring software	Packet analysis=42
42	SQLite		onet:Data base management system software	SQLite=42
42	Tea		linguist:markup	Tea=42
42	Three.js	Q3525922	wikidata:software framework|wikidata:software library|wikidata:web framework	Three.js=41|ThreeJS=1
42	WebAssembly	Q20155677	linguist:programming|wikidata:programming language	WebAssembly=26|WASM=23|WebASM=0|wast=0
41	Mozilla Firefox	Q698	onet:Internet browser software	Mozilla Firefox=0|Firefox=41
41	QNX	Q676052	onet:Operating system software|wikidata:operating system	QNX=41
41	Recovery testing		onet:Program testing software	Recovery testing=41
41	Web browser		onet:Internet browser software	Web browser=41
40	Apache Lucene	Q773196	wikidata:software library	Apache Lucene=1|Apache Lucene Core=0|Java Lucene=0|Lucene=40|Lucene Core=0
40	DMS		onet:Document management software	DMS=40
40	Emulators		onet:Operating system software	Emulators=40
40	Gmail	Q99068929	onet:Electronic mail software	Gmail=40|Gmail for Android=0
40	Lua	Q207316	linguist:programming|onet:Object or component oriented development software|wikidata:programming language	Lua=40|Lua language=0
39	Microsoft Visio	Q194978	onet:Graphics or photo imaging software|onet:Process mapping and design software	Microsoft Visio=6|MS Visio=3|Visio=39
39	QUEL	Q6125402	wikidata:programming language	QUEL=39
38	CAP CDS		linguist:programming	CAP CDS=0|cds=38
38	EDA		onet:Computer aided design CAD software	EDA=38|Electronic design automation=0
38	exec	Q2522382	wikidata:software library	exec=38
38	Laravel	Q13634357	wikidata:software framework|wikidata:software library|wikidata:web framework	Laravel=38
38	Nagios	Q1134360	onet:Network monitoring software	Nagios=38|NetSaint=0
38	SQLAlchemy	Q1092514	wikidata:software library	SQLAlchemy=38
37	Apache HBase	Q2538066	onet:Data base management system software|wikidata:DBMS	Apache HBase=0|hbase=37
37	Enterprise Linux		onet:Operating system software	Enterprise Linux=37
37	Network documentation		onet:Administration software	Network documentation=37
37	NUnit	Q1747342	onet:Program testing software|wikidata:software framework|wikidata:software library	NUnit=37
37	Qlik		onet:Business intelligence and data analysis software	Qlik=37
37	Shakespeare	Q1140574	wikidata:programming language	Shakespeare=4|SPL=33
37	ZAP		linguist:programming	ZAP=37
36	BPM		onet:Enterprise resource planning ERP software	BPM=24|Business process management=15
36	CodeQL		linguist:programming	CodeQL=12|ql=24
36	D3.js	Q3011087	wikidata:software library	D3.js=15|D3=21|d3js=0|Data-Driven Documents=0
36	FlexBox		onet:Web platform development software	FlexBox=36
36	Hollywood	Q1571870	wikidata:programming language	Hollywood=36
35	Antivirus		onet:Transaction security and virus protection software	Antivirus=35
35	ASL		linguist:programming	ASL=35
35	Database management systems		onet:Data base management system software	Database management systems=35
35	Formatted		linguist:data	Formatted=35
35	Web framework		onet:Web platform development software	Web framework=35
35	Zabbix	Q136722	onet:Network monitoring software	Zabbix=35
34	DuckDB	Q111343643	wikidata:DBMS	DuckDB=34
34	Mocha	Q18346290	wikidata:software framework|wikidata:software library	Mocha=34
34	MyBatis	Q5851860	wikidata:software framework|wikidata:software library	MyBatis=13|SSM=21
34	Network storage		onet:Storage networking software	Network storage=34
34	SAND		onet:Data base management system software	SAND=34
34	Text Processing Utility	Q7708401	wikidata:programming language	Text Processing Utility=0|TPU=34|DEC Text Processing Utility=0
33	3D graphics		onet:Graphics or photo imaging software	3D graphics=33
33	Android Open Source Project	Q52161560	wikidata:operating system	Android Open Source Project=6|AOSP=31
33	APL	Q296187	linguist:programming|onet:Development environment software|wikidata:programming language	APL=1|APL language=0|APL\360=0|Array Processing Language=0|X3J10=0|A programming language=32
33	Eagle		linguist:data	Eagle=33
33	Roff		linguist:markup	Roff=0|groff=0|man=33|manpage=0|man page=0|mdoc=0|nroff=0|troff=0
33	xUnit	Q285539	wikidata:software framework|wikidata:software library	xUnit=33
33	YARA		linguist:programming	YARA=33
32	Kickstart		linguist:data	Kickstart=32
32	MLIR		linguist:programming	MLIR=32
32	Rapid7		onet:Transaction security and virus protection software	Rapid7=32
32	RSS		onet:Web platform development software	RSS=32
32	Software libraries		onet:Development environment software	Software libraries=32
31	Ethereum	Q16783523	wikidata:software framework|wikidata:software library	Ethereum=22|Ether=2|ETH=7|ethereum.org=0|Ethereum blockchain=0|Ethereum network=0|Ethereum platform=0|ETH blockchain=0|ETH Network=0|Ethereum Chain=0|ETH Mainnet=0
31	IpTables		onet:Network security and virtual private network VPN equipment software	IpTables=31
31	OCaml	Q212587	linguist:programming|wikidata:programming language	OCaml=31
31	Revision control		onet:Configuration management software	Revision control=31
31	SSRS		onet:Data base reporting software|onet:Object or component oriented development software	SSRS=30|SQL Server Reporting Services SSRS=3|SQL Server Reporting Services=4
31	Storage management		onet:Backup or archival software|onet:Storage networking software	Storage management=31
31	Wrike		onet:Cloud-based data access and sharing software	Wrike=31
30	ABAP	Q380523	linguist:programming|onet:Object or component oriented development software|wikidata:programming language	ABAP=30|ABAP/4=0|Advanced Business Application Programming=1|Allgemeiner Berichts Aufbereitungs Prozessor=0
30	AMOS	Q295232	wikidata:programming language	AMOS=30|AMOS BASIC=0|AMOS Pro=0|AMOS Professional=0|Easy AMOS=0
30	Apache Portable Runtime	Q617014	wikidata:software library	Apache Portable Runtime=0|APR=30
30	ASIC	Q297730	wikidata:programming language	ASIC=30
30	Blink	Q9603949	onet:Instant messaging software|wikidata:software framework|wikidata:software library	Blink=30
30	Flix		linguist:programming	Flix=30
30	GNU	Q44571	wikidata:operating system	GNU=30|GNU's Not Unix=0
30	Robot Framework	Q2160022	onet:Program testing software|wikidata:software framework|wikidata:software library	Robot Framework=30
29	Java Database Connectivity	Q722772	onet:Data base user interface and query software	Java Database Connectivity=0|JDBC=29
29	Jinja	Q4041851	linguist:markup|wikidata:software library	Jinja=15|jinja2=14|html+django=0|html+jinja=0|htmldjango=0
29	LookML		linguist:programming	LookML=29
29	spaCy		onet:Object or component oriented development software	spaCy=29
29	Symfony	Q1322933	wikidata:software framework|wikidata:software library|wikidata:web framework	Symfony=29
29	Usability testing		onet:Program testing software	Usability testing=29
29	Visual Basic for Applications	Q667566	linguist:programming|wikidata:programming language	Visual Basic for Applications=2|VBA=29
28	Automatically Programmed Tool	Q787227	wikidata:programming language	Automatically Programmed Tool=0|APT=28
28	Coral 66	Q4117844	onet:Development environment software|wikidata:programming language	Coral 66=0|CORAL=28|Computer On-line Real-time Applications Language=0|Computer On-line Real-time Applications Language 66=0
28	Echo	Q527540	wikidata:software framework|wikidata:software library|wikidata:web framework	Echo=28
28	Standard Template Library	Q741235	linguist:data|wikidata:software library	Standard Template Library=0|STL=28|C++ Programming/STL=0|C++ Standard Template Library=0|C++ STL=7|ascii stl=0|stla=0
27	Apptainer	Q51294208	wikidata:software framework|wikidata:software library	Apptainer=1|Singularity=26
27	aRts	Q284312	wikidata:software framework|wikidata:software library	aRts=27|analog real time synthesizer=0
27	Data conversion		onet:Data conversion software	Data conversion=27
27	Haskell	Q34010	linguist:programming|onet:Development environment software|wikidata:programming language	Haskell=21|hs=6
27	Microsoft Research Image Composite Editor	Q2336497	onet:Analytical or scientific software	Microsoft Research Image Composite Editor=0|ICE=27|Microsoft ICE=0|Infobright Community Edition=0
27	Perforce P4	Q1681038	onet:Metadata management software	Perforce P4=0|Helix Core=0|Perforce=27
27	QGIS	Q1329181	onet:Geographic information system	QGIS=27
26	Alloy		linguist:programming	Alloy=26
26	Call center		onet:Helpdesk or call center software	Call center=26
26	EIGRP		onet:Switch or router software	EIGRP=26|Enhanced Interior Gateway Routing Protocol=0
26	Electron	Q21614124	wikidata:GUI toolkit|wikidata:software framework|wikidata:software library	Electron=26|Atom Shell=0
26	JFrog Artifactory		onet:Development environment software	JFrog Artifactory=26
26	Pic		linguist:markup	Pic=26|pikchr=0
26	Rational		onet:Development environment software	Rational=26
26	Scylla	Q28957065	wikidata:DBMS	Scylla=6|ScyllaDB=20
26	Singularity	Q604792	linguist:programming|wikidata:operating system|wikidata:programming language	Singularity=26
26	Tox	Q15989676	wikidata:software library	Tox=26
25	GNU Multiple Precision Arithmetic Library	Q1205818	wikidata:software library	GNU Multiple Precision Arithmetic Library=0|GMP=25|GNU MP=0|GNU Multiprecision Library=0
25	Icon	Q1156474	wikidata:programming language	Icon=25
25	Nuxt	Q55641291	wikidata:software framework|wikidata:software library|wikidata:web framework	Nuxt=18|Nuxt.js=7|NuxtJS=0
25	RTL		onet:Development environment software	RTL=25|Register transfer language=0
25	Ubisoft Anvil	Q282293	wikidata:software framework|wikidata:software library	Ubisoft Anvil=0|Anvil=25|Scimitar=0|AnvilNext=0
24	Amazon Redshift	Q17012109	wikidata:DBMS	Amazon Redshift=24
24	DYNAMO	Q5206860	wikidata:programming language	DYNAMO=24
24	FaceTime	Q648357	onet:Video conferencing software	FaceTime=24
24	Lex		linguist:programming	Lex=24
24	Pact		linguist:programming	Pact=24
24	Power Query		linguist:programming	Power Query=24|powerquery=0
24	Travis		onet:Program testing software	Travis=24
24	VHDL		linguist:programming	VHDL=24
23	Bourne shell	Q844595	onet:Operating system software|wikidata:programming language	Bourne shell=1|sh=22|/bin/sh=0
23	COMIT	Q1024000	wikidata:programming language	COMIT=23
23	Database testing		onet:Program testing software	Database testing=23
23	Diagramming		onet:Pattern design software	Diagramming=23
23	Embedded systems development		onet:Development environment software	Embedded systems development=23
23	GDAL	Q580605	wikidata:software library	GDAL=23|Geospatial Data Abstraction Library=0
23	GStreamer	Q860213	wikidata:software framework|wikidata:software library	GStreamer=23
23	Open Policy Agent		linguist:programming	Open Policy Agent=23
23	Pan		linguist:programming	Pan=23
23	Records management		onet:Document management software	Records management=23
23	Shiny	Q90803460	onet:Object or component oriented development software	Shiny=23|R Shiny=10|Shiny for R=0|shiny R=0|shiny.rstudio.com=0
23	Solidity	Q24909565	linguist:programming|onet:Development environment software|wikidata:programming language	Solidity=23
23	SSIS		onet:Enterprise application integration software	SSIS=23|SQL Server Integration Services SSIS=3|SQL Server Integration Services=3
23	Tanium		onet:Enterprise system management software	Tanium=23
23	Windows Server 2016	Q19754851	wikidata:operating system	Windows Server 2016=23
22	Apache Flume	Q19599376	onet:Data base management system software	Apache Flume=4|Flume=22
22	Apache ZooKeeper	Q4778968	wikidata:DBMS	Apache ZooKeeper=0|zookeeper=22
22	Botan	Q4948409	wikidata:software library	Botan=0|OpenCL=22
22	Bullet	Q1114626	wikidata:software framework|wikidata:software library	Bullet=22
22	crontab		linguist:data	crontab=0|cron=22|cron table=0
22	Dialog	Q861059	wikidata:GUI toolkit|wikidata:software library	Dialog=22
22	HAProxy		linguist:data	HAProxy=22
22	IBM Information Management System	Q1571984	wikidata:DBMS	IBM Information Management System=0|IMS=22
22	OpenCL	Q681360	linguist:programming|wikidata:programming language|wikidata:software framework|wikidata:software library	OpenCL=22|Open Computing Language=0
22	Profilers		onet:Program testing software	Profilers=22
22	TAM		onet:Access software	TAM=22|Tivoli Access Management TAM=0|Tivoli Access Management=0
21	Apache Avro	Q616580	onet:Information retrieval or search software	Apache Avro=2|Avro=21
21	Data Fabric		onet:Metadata management software	Data Fabric=21
21	DDL		onet:Data base management system software	DDL=20|Data definition language=3
21	eMASS		onet:Risk management data and analysis software	eMASS=21
21	FOCAL	Q1966202	wikidata:programming language	FOCAL=21|FOrmula CALculator=0|Formulating On-Line Calculations in Algebraic Language=0
21	HIP		linguist:programming	HIP=21
21	Lustre	Q464622	wikidata:programming language	Lustre=21
21	Mercury	Q206040	linguist:programming|wikidata:programming language	Mercury=21
21	PeopleSoft		onet:Enterprise resource planning ERP software	PeopleSoft=21
21	Rapide		onet:Object or component oriented development software	Rapide=21
21	SystemVerilog	Q1387402	linguist:programming|onet:Development environment software|wikidata:programming language	SystemVerilog=21
21	Transaction Application Language	Q389350	wikidata:programming language	Transaction Application Language=0|TAL=21
21	Windows 11	Q107269746	wikidata:operating system	Windows 11=21|Windows11=0
20	Autodesk Revit	Q1457492	onet:Computer aided design CAD software	Autodesk Revit=0|Revit=20
20	Digital Analytics		onet:Business intelligence and data analysis software	Digital Analytics=20
20	Drupal	Q170855	onet:Web platform development software	Drupal=20
20	GN		linguist:data	GN=20
20	Jenkins CI		onet:Enterprise application integration software	Jenkins CI=20
20	Logos		linguist:programming	Logos=20
20	macOS Monterey	Q107140155	wikidata:operating system	macOS Monterey=0|Monterey=15|macOS 12=5|macOS 12 Monterey=0
20	Photoshop		onet:Graphics or photo imaging software	Photoshop=20
20	Platform as a service PaaS		onet:Cloud-based data access and sharing software	Platform as a service PaaS=20
20	SAGE	Q1971936	linguist:programming|wikidata:software framework|wikidata:software library	SAGE=20|Strategy Action Game Engine=0
20	Time reporting		onet:Time accounting software	Time reporting=20
19	Altium Designer		linguist:data	Altium Designer=6|altium=19
19	Business Objects		onet:Data base reporting software|onet:Enterprise resource planning ERP software	Business Objects=19
19	DML		onet:Data base management system software	DML=19|Data manipulation language=1
19	GEOS	Q1210707	wikidata:operating system	GEOS=19
19	Gremlin	Q5607337	wikidata:programming language	Gremlin=19
19	Message Passing Interface	Q127879	wikidata:software library	Message Passing Interface=0|MPI=19
19	Natural Language Toolkit	Q1635410	wikidata:software library	Natural Language Toolkit=0|NLTK=19
19	Nmap	Q623332	onet:Transaction security and virus protection software	Nmap=19|Network Mapper=0|Nmap Security Scanner=0
19	Relational database management		onet:Data base management system software	Relational database management=19
19	Sail		linguist:programming	Sail=19
18	4D		linguist:programming	4D=18
18	ASP.NET MVC Framework	Q581643	wikidata:software framework|wikidata:software library|wikidata:web framework	ASP.NET MVC Framework=0|ASP.NET MVC=18
18	BIRD2		linguist:data	BIRD2=0|bird=18|bird3=0
18	CLOS		onet:Object or component oriented development software	CLOS=18|Common Lisp Object System=0
18	Julia	Q2613697	linguist:programming|onet:Development environment software|wikidata:programming language	Julia=18|JuliaLang=0|The Julia Language=3
18	Netty	Q6107820	wikidata:software framework|wikidata:software library	Netty=18
18	Regular Expression		linguist:data	Regular Expression=0|regexp=0|regex=18
18	SMTP		onet:Operating system software	SMTP=18|Simple mail transfer protocol=0
18	User-mode Linux	Q1269956	onet:Requirements analysis and system architecture software	User-mode Linux=0|UML=18|Unified modeling language=1
18	Weka	Q115494	wikidata:software framework|wikidata:software library	Weka=18|Waikato Environment for Knowledge Analysis=0
17	A/UX	Q1140097	wikidata:operating system	A/UX=17
17	Crystal	Q21921428	linguist:programming|wikidata:programming language	Crystal=17|Crystal Lang=0|Crystal Language=0
17	Doctrine	Q1233953	wikidata:software library	Doctrine=17
17	Erlang		linguist:programming	Erlang=17
17	Expat	Q2074084	wikidata:software library	Expat=17|libexpat=0
17	Graphite	Q1027984	wikidata:software library	Graphite=17|graphite2=0
17	LabVIEW		linguist:programming	LabVIEW=17
17	macOS Sierra	Q22095865	wikidata:operating system	macOS Sierra=0|Sierra=17|Mac OS Sierra=0|macOS 10.12 Sierra=0|OS X 10.12=0|OS X Sierra=0
17	Opus		onet:Development environment software	Opus=17
17	P4	Q25215425	linguist:programming|wikidata:programming language	P4=17|Programming Protocol Independent Packet Processors=0
17	Play Framework	Q3392101	wikidata:software framework|wikidata:software library|wikidata:web framework	Play Framework=17
17	SignalR	Q7512622	wikidata:software library	SignalR=17
17	Snort	Q1332255	onet:Network monitoring software	Snort=17
17	VRRP		onet:Switch or router software	VRRP=17|Virtual Router Redundancy Protocol=0
17	Wikitext		linguist:prose	Wikitext=1|wiki=17
16	Cognos		onet:Business intelligence and data analysis software	Cognos=16
16	Curl	Q1144631	wikidata:programming language	Curl=16
16	curl	Q286306	wikidata:software library	curl=16|Client for URLs=0
16	Direct Rendering Infrastructure	Q1227488	wikidata:software framework|wikidata:software library	Direct Rendering Infrastructure=0|DRI=16|Linux DRI=0
16	EAI		onet:Enterprise application integration software	EAI=15|Enterprise application integration=1
16	Fancy		linguist:programming	Fancy=16
16	HDL		onet:Development environment software	HDL=16|Hardware description language=0
16	Junos	Q4041744	wikidata:operating system	Junos=16
16	MiNT	Q1926549	linguist:programming|wikidata:operating system	MiNT=16|MiNT is Now TOS=0
16	Object Windows Library	Q994371	wikidata:software framework|wikidata:software library	Object Windows Library=0|OWL=16|OWLNext=0
16	Pizza	Q10350148	wikidata:programming language	Pizza=16
16	Relational database management system		onet:Data base management system software	Relational database management system=3|RDMS=13
16	Remote monitoring		onet:Network monitoring software	Remote monitoring=16
16	Type Language		linguist:data	Type Language=0|tl=16
16	Verilog	Q827773	linguist:programming|onet:Development environment software	Verilog=16|IEEE 1364=0|Verilog HDL=0
16	Vespa Schema Definition		linguist:data	Vespa Schema Definition=0|vespa=16
16	XSLT	Q32110	linguist:programming|wikidata:programming language	XSLT=14|Extensible Stylesheet Language Transformations=0|XSL Transformations=0|xsl=3
15	AJAX		onet:Web platform development software	AJAX=15
15	Blazor	Q60749742	wikidata:software framework|wikidata:software library|wikidata:web framework	Blazor=15
15	COBOL	Q131140	linguist:programming|wikidata:programming language	COBOL=15|Common Business-Oriented Language=0
15	Java Server Pages		linguist:programming	Java Server Pages=0|jsp=15
15	Job Control Language	Q1505372	linguist:programming|onet:Operating system software|wikidata:programming language	Job Control Language=0|JCL=15
15	License management		onet:License management software	License management=15
15	Metasploit	Q1147445	onet:Transaction security and virus protection software	Metasploit=15|Metasploit Framework=0|Metasploit Project=0
15	MicroStrategy		onet:Business intelligence and data analysis software	MicroStrategy=15
15	RAC		onet:Clustering software	RAC=15|Real Application Cluster RAC=0|Real Application Cluster=0
15	Tact		linguist:programming	Tact=15
14	Adblock Filter List		linguist:data	Adblock Filter List=0|ad block filters=0|ad block=0|adb=14|adblock=0
14	Bugzilla		onet:Program testing software	Bugzilla=14
14	CICS	Q1146247	onet:Transaction server software|wikidata:programming language	CICS=14|Customer Information Control System=0
14	GD Graphics Library	Q1485048	wikidata:software library	GD Graphics Library=0|GD=14|GD2=0|libgd=0|GD library=0|Graphics Draw library=0
14	Grace		linguist:programming	Grace=14
14	Jakarta Messaging	Q755515	onet:Object or component oriented development software	Jakarta Messaging=0|JMS=14|Java Message Service=0|Java Message Service JMS=0
14	OpenGL Shading Language	Q779819	linguist:programming|wikidata:programming language	OpenGL Shading Language=0|GLSL=14|GLslang=0
14	PHPUnit	Q1663673	wikidata:software framework|wikidata:software library	PHPUnit=14
14	PowerBuilder	Q580882	linguist:programming|onet:Object or component oriented development software	PowerBuilder=0|pb=14|Appeon PowerBuilder=0
14	RON		linguist:data	RON=14
14	SAP HANA	Q951374	wikidata:DBMS	SAP HANA=14
14	Solaris	Q14646	onet:Operating system software	Solaris=14|Oracle Solaris=0|Solaris Operating System=0|Solaris OS=0|Sun Solaris=0
14	Text mining		onet:Data mining software	Text mining=14
14	UNIX Shell		onet:Operating system software	UNIX Shell=14
14	Visual Basic .NET	Q50077	linguist:programming|wikidata:programming language	Visual Basic .NET=0|Visual Basic=5|VB.NET=9|vbnet=0|vb .net=0
14	Web server		onet:Transaction server software	Web server=14
14	Windows Communication Foundation	Q261595	wikidata:software framework|wikidata:software library	Windows Communication Foundation=0|Indigo=3|WCF=11
13	Ember.js	Q13592527	wikidata:software framework|wikidata:software library|wikidata:web framework	Ember.js=13
13	Fossil	Q1439431	wikidata:software framework|wikidata:software library	Fossil=13
13	Helix	Q392286	wikidata:software framework|wikidata:software library	Helix=13
13	Helix	Q71021254	onet:Configuration management software	Helix=13
13	IBM AIX	Q269856	onet:Operating system software	IBM AIX=0|AIX=13
13	Jasmine	Q6161738	wikidata:software framework|wikidata:software library	Jasmine=13|JSUnit=1
13	Linux Security Modules	Q2550704	wikidata:software framework|wikidata:software library	Linux Security Modules=1|LSM=12
13	Luau		linguist:programming	Luau=13
13	Material Design	Q17590603	wikidata:software library	Material Design=13|Material You=0|Quantum Paper=0
13	Shell script		onet:Operating system software	Shell script=13
13	Structure prediction		onet:Analytical or scientific software	Structure prediction=13
13	User interface design		onet:Program testing software	User interface design=13
13	WildFly	Q68850	onet:Application server software	WildFly=3|JBoss=12|JBoss Application Server=0
13	ZeroMQ	Q8079189	wikidata:software library	ZeroMQ=10|zmq=3|0MQ=0
12	Akka	Q16002307	wikidata:software library	Akka=12
12	Android TV	Q17298682	wikidata:operating system	Android TV=12
12	Application Server		onet:Application server software	Application Server=12
12	Azure Sentinel		onet:Network monitoring software	Azure Sentinel=12
12	Catboost	Q55656976	wikidata:software library	Catboost=12
12	EDC		onet:Analytical or scientific software	EDC=11|Electronic data capture=4
12	ESLint	Q55452824	wikidata:software library	ESLint=12
12	Fund accounting		onet:Accounting software	Fund accounting=12
12	High Level Shader Language	Q559519	linguist:programming|onet:Development environment software|wikidata:programming language	High Level Shader Language=0|High-level shading language=0|HLSL=12|High Level Shader Language HLSL=0
12	Insight Segmentation and Registration Toolkit	Q683179	wikidata:software framework|wikidata:software library	Insight Segmentation and Registration Toolkit=0|ITK=12
12	Internet Protocol Security IPSEC		onet:Network security or virtual private network VPN management software	Internet Protocol Security IPSEC=12
12	Learning Management		onet:Human resources software	Learning Management=12
12	llama.cpp	Q125998452	wikidata:software library	llama.cpp=12
12	NetSuite ERP		onet:Enterprise resource planning ERP software	NetSuite ERP=12
12	Nim	Q20080327	linguist:programming|wikidata:programming language	Nim=12|Nimrod=0
12	Oozie	Q7095477	onet:Data base management system software	Oozie=12
12	Parallel systems		onet:Clustering software	Parallel systems=12
12	Password management		onet:Authentication server software	Password management=12
12	Project scheduling		onet:Project management software	Project scheduling=12
12	RAD		onet:Enterprise application integration software	RAD=10|Rapid application development=4
12	RocksDB	Q22908356	wikidata:DBMS|wikidata:software library	RocksDB=12
12	RPG	Q840543	wikidata:programming language	RPG=12|IBM RPG=0|Report Program Generator=0
12	Software distribution		onet:Configuration management software	Software distribution=12
12	Tk	Q616360	wikidata:GUI toolkit|wikidata:software library	Tk=12
11	Astro		linguist:markup	Astro=11
11	Classic Visual Basic	Q2378	onet:Development environment software|wikidata:programming language	Classic Visual Basic=0|VB=8|Visual Basic=5
11	Clojure	Q51798	linguist:programming|wikidata:programming language	Clojure=11
11	Cryptographic key management		onet:Network security and virtual private network VPN equipment software	Cryptographic key management=11
11	Data acquisition systems		onet:Analytical or scientific software	Data acquisition systems=11
11	Disassembler		onet:Compiler and decompiler software	Disassembler=11
11	Experience Manager (AEM)		onet:Web page creation and editing software	Experience Manager (AEM)=11
11	Google Web Toolkit	Q79578	wikidata:GUI toolkit|wikidata:software framework|wikidata:software library|wikidata:web framework	Google Web Toolkit=1|GWT=11
11	Hyperion	Q71398372	onet:Enterprise resource planning ERP software	Hyperion=11
11	Migration testing		onet:Program testing software	Migration testing=11
11	Monte Carlo simulation		onet:Analytical or scientific software	Monte Carlo simulation=11
11	Netfilter	Q1545633	wikidata:software framework|wikidata:software library	Netfilter=11|Netfilter project=0
11	Network Security Services	Q7000904	wikidata:software library	Network Security Services=3|NSS=8|libnss=0
11	Ook!	Q1754680	wikidata:programming language	Ook!=11
11	OSGi	Q1156326	wikidata:software framework|wikidata:software library	OSGi=11
11	Parrot Internal Representation		linguist:programming	Parrot Internal Representation=0|pir=11
11	PCL	Q4817319	wikidata:software library	PCL=11|Point Cloud Library=1
11	PlantUML		linguist:data	PlantUML=11
11	Remote control		onet:Desktop communications software	Remote control=11
11	Series 40	Q1995656	wikidata:operating system	Series 40=0|S40=0|Nokia S 40=0|Nokia S40=0|Nokia Series 40=0|S 40=11
11	SPARQL	Q54871	linguist:data|wikidata:programming language	SPARQL=11|Simple Protocol RDF Query Language=0|SPARQL Protocol and RDF Query Language=0|SPARQL Query Language=0
11	Torch	Q17087180	wikidata:software framework|wikidata:software library	Torch=11
11	X Toolkit Intrinsics	Q648988	wikidata:software library	X Toolkit Intrinsics=0|Xt=3|Intrinsics=8|libXt=0|X toolkit=0
10	Acrobat		onet:Document management software	Acrobat=10
10	Brightscript		linguist:programming	Brightscript=10
10	Computer operating systems		onet:Operating system software	Computer operating systems=10
10	Concurrency control		onet:Data base management system software	Concurrency control=10
10	device mapper	Q1206778	linguist:programming|wikidata:software framework|wikidata:software library	device mapper=0|DM=9|Dmraid=0|byond=1
10	End-to-end encryption		onet:Transaction security and virus protection software	End-to-end encryption=10
10	ERC	Q599894	wikidata:software library	ERC=10
10	ERM		onet:Document management software	ERM=10|Enterprise report management=0
10	FAUST	Q1398550	linguist:programming|wikidata:programming language	FAUST=10|faust.grame.fr=0
10	fish		linguist:programming	fish=10
10	HTML+Razor		linguist:markup	HTML+Razor=0|razor=10
10	Jsonnet		linguist:programming	Jsonnet=10
10	LoadRunner	Q2975892	onet:Program testing software	LoadRunner=10|Hewlett Packard LoadRunner=0|HP LoadRunner=0|OpenText LoadRunner=0
10	MediaWiki	Q83	wikidata:software framework|wikidata:software library	MediaWiki=4|mw=6
10	S-PLUS	Q3267991	wikidata:programming language	S-PLUS=10
10	Sed	Q305876	linguist:programming|wikidata:programming language	Sed=10
10	Siemens Teamcenter		onet:Project management software	Siemens Teamcenter=10
10	Snappy	Q3487131	wikidata:software library	Snappy=5|Zippy=5|libsnappy=0
10	Terra		linguist:programming	Terra=10
10	Zeek		linguist:programming	Zeek=10|bro=0
9	Adobe XD	Q24060074	onet:Graphics or photo imaging software	Adobe XD=9|3DPhotoshop Experiences=0|Adobe Experience Design=0|DGXL=0|XD=9
9	AMPL	Q295250	linguist:programming|wikidata:programming language	AMPL=9
9	Avalonia	Q97658489	wikidata:GUI toolkit|wikidata:software framework|wikidata:software library	Avalonia=9|Avalonia UI=2
9	Cairo	Q306026	wikidata:software library	Cairo=0|cairo graphics library=0|cairo library=0|Xr=9
9	Chakra	Q1106179	wikidata:software framework|wikidata:software library	Chakra=9|jscript9.dll=0|old Chakra engine=0
9	Chakra	Q23771532	wikidata:software framework|wikidata:software library	Chakra=9|chakra.dll=0|ChakraCore=0|new Chakra engine=0
9	Compatibility testing		onet:Program testing software	Compatibility testing=9
9	Data Integrator		onet:Enterprise application integration software	Data Integrator=9
9	DirectX	Q188695	onet:Device drivers or system software	DirectX=9|Direct e X tension=0
9	F#	Q648619	linguist:programming|wikidata:programming language	F#=9|F Sharp=0|FSharp=0
9	Index tuning		onet:Data base management system software	Index tuning=9
9	Ionic	Q17576071	wikidata:software framework|wikidata:software library|wikidata:web framework	Ionic=9|ionic 2=0|ionic2=0
9	Kali Linux	Q8364850	onet:Program testing software	Kali Linux=5|Kali=9|Kali Linux OS=0|Kernel Auditing LInux=0
9	LPC	Q1798284	wikidata:programming language	LPC=9
9	Network architecture design		onet:Requirements analysis and system architecture software	Network architecture design=9
9	Opal		linguist:programming	Opal=9
9	Oz	Q1208217	linguist:programming|wikidata:programming language	Oz=9
9	rc	Q1050629	wikidata:programming language	rc=9|rc shell=0|run commands=0
9	REXX	Q685820	linguist:programming|wikidata:programming language	REXX=9|Restructured Extended Executor=0
9	Standard ML	Q597330	linguist:programming|wikidata:programming language	Standard ML=9|SML=0
9	Visual Basic Script	Q13743	linguist:programming|wikidata:programming language	Visual Basic Script=0|VBS=3|Microsoft Visual Basic Scripting Edition=0|VBScript=6|VBScript Programming=0
9	YANG		linguist:data	YANG=9
8	AWK	Q213970	linguist:programming|onet:Development environment software|wikidata:programming language	AWK=8
8	Azure DevOps Server	Q1799814	onet:Development environment software|onet:Project management software	Azure DevOps Server=4|Team Foundation Server=4|Visual Studio Team System=0
8	Blitz BASIC	Q143419	linguist:programming|wikidata:programming language	Blitz BASIC=0|Monkey=8|Blitz2D=0|BlitzBasic=0|BlitzMax=0|BlitzPlus=0|b3d=0|blitz3d=0|bplus=0|bmax=0
8	BuildStream		linguist:data	BuildStream=8
8	Cocoa	Q1051988	onet:Object or component oriented development software|wikidata:GUI toolkit|wikidata:software framework|wikidata:software library	Cocoa=8|Apple Cocoa=0
8	ColdFusion CFC		linguist:programming	ColdFusion CFC=0|cfc=8
8	Data Guard		onet:Backup or archival software	Data Guard=8
8	Enterprise Manager		onet:Data base management system software	Enterprise Manager=8
8	GNU Prolog	Q2351180	wikidata:programming language	GNU Prolog=0|Calypso=8|gprolog=0
8	LiveScript	Q16963446	linguist:programming|wikidata:programming language|wikidata:software library	LiveScript=0|live-script=0|ls=8
8	MetaQuotes Language	Q11765028	linguist:programming|wikidata:programming language	MetaQuotes Language=0|MQL=8|MQL4=0|MQL5=0
8	Microsoft Virtual Server	Q1315909	onet:Application server software	Microsoft Virtual Server=0|Virtual Server=8
8	NEON		linguist:data	NEON=8|nette object notation=0|ne-on=0
8	Network Monitor		onet:Network monitoring software	Network Monitor=8
8	Nextflow		linguist:programming	Nextflow=8
8	NL		linguist:data	NL=8
8	Norton Utilities	Q1370549	linguist:programming|onet:Filesystem software	Norton Utilities=0|NU=8|nush=0
8	ODS		onet:Data base user interface and query software	ODS=7|Operational Data Store=1
8	OpenAI ChatGPT		onet:Development environment software	OpenAI ChatGPT=8
8	Oracle Spatial	Q3508244	wikidata:DBMS	Oracle Spatial=8
8	PEARL	Q2043979	wikidata:programming language	PEARL=8|Process and Experiment Automation Realtime Language=0
8	Proxmox Backup Server	Q104882439	wikidata:operating system	Proxmox Backup Server=0|PBS=8
8	Roblox Studio	Q97167512	wikidata:software framework|wikidata:software library	Roblox Studio=8
8	Roc		linguist:programming	Roc=8
8	Rust programming language		onet:Development environment software	Rust programming language=8
8	Security risk assessment		onet:Transaction security and virus protection software	Security risk assessment=8
8	SolidThinking Embed	Q369244	wikidata:programming language	SolidThinking Embed=0|VisSim=8
8	SQL*Plus	Q2575010	onet:Data base reporting software|wikidata:programming language	SQL*Plus=8|SQLPlus, SQL Plus=0
8	Swing	Q859221	wikidata:GUI toolkit|wikidata:software library	Swing=8
8	Tcl	Q5288	linguist:programming|wikidata:programming language	Tcl=7|Tool Command Language=0|sdc=2|xdc=0
8	TMG	Q1754079	wikidata:programming language	TMG=8|TransMoGrifier=0
8	Turing	Q490481	linguist:programming|wikidata:programming language	Turing=8
8	V8	Q574992	wikidata:software framework|wikidata:software library	V8=8
8	Webex		onet:Video conferencing software	Webex=8
8	Zebra	Q169412	wikidata:programming language	Zebra=8|ZPL=0
7	Basecamp		onet:Project management software	Basecamp=7
7	Blade		linguist:markup	Blade=7
7	Bun	Q113048518	wikidata:software framework|wikidata:software library	Bun=7
7	CHICKEN	Q283456	wikidata:programming language	CHICKEN=7|Chicken Scheme=0
7	Code libraries		onet:Development environment software	Code libraries=7
7	Data dictionary		onet:Metadata management software	Data dictionary=7
7	eC		linguist:programming	eC=7
7	FlatBuffers		linguist:data	FlatBuffers=7
7	FreeMarker		linguist:programming	FreeMarker=2|ftl=5
7	Gensim	Q5533567	wikidata:software library	Gensim=7
7	Interoperability testing		onet:Program testing software	Interoperability testing=7
7	Liberty BASIC	Q1823021	wikidata:programming language	Liberty BASIC=0|LB=7
7	LibTIFF	Q1017110	wikidata:software library	LibTIFF=0|tiff=7
7	Linear Programming		linguist:programming	Linear Programming=7
7	Loom		onet:Video creation and editing software	Loom=7
7	Mask		linguist:markup	Mask=7
7	NetBackup	Q2063698	onet:Backup or archival software	NetBackup=7|Symantec NetBackup=0|Veritas NetBackup=4
7	Nickel		linguist:programming	Nickel=7
7	OpenLayers	Q736666	wikidata:software library	OpenLayers=7
7	OpenUI5	Q19599503	wikidata:GUI toolkit|wikidata:software framework|wikidata:software library|wikidata:web framework	OpenUI5=0|UI Development Toolkit for HTML5=0|UI5=7
7	Oracle Application Express	Q1908291	wikidata:software framework|wikidata:software library|wikidata:web framework	Oracle Application Express=3|Oracle APEX=5
7	Oracle SQL Developer	Q931351	onet:Development environment software	Oracle SQL Developer=0|sqldeveloper=0|SQL Developer=7
7	Python Imaging Library	Q2985103	wikidata:software library	Python Imaging Library=0|Pillow=7|PIL=0
7	Redirect Rules		linguist:data	Redirect Rules=0|redirects=7
7	Rez		linguist:programming	Rez=7
7	Talon		linguist:programming	Talon=7
7	Tencent Instant Messenger	Q30946930	onet:Authentication server software	Tencent Instant Messenger=0|TIM=7|Tivoli Identity Management TIM=0|Tivoli Identity Management=0
7	Unreal Engine 4	Q13156652	wikidata:software framework|wikidata:software library	Unreal Engine 4=7|UE 4=0|UE4=0|Unreal 4=0
7	Verse		linguist:programming	Verse=7
7	Video editing		onet:Video creation and editing software	Video editing=7
7	Zig	Q51885456	linguist:programming|wikidata:programming language	Zig=7|Zig language=0|Ziglang=0
6	Adaptive Server Enterprise	Q2576415	onet:Data base management system software|wikidata:DBMS	Adaptive Server Enterprise=0|ASE=6|Sybase SQL Server=0
6	Adobe After Effects	Q83380	onet:Video creation and editing software	Adobe After Effects=1|Efectos secundarios=0|After Effects=6
6	Adobe InDesign	Q218924	onet:Desktop publishing software	Adobe InDesign=0|InDesign=6
6	Android Auto	Q17318432	wikidata:operating system	Android Auto=6
6	Atlas Search		onet:Business intelligence and data analysis software	Atlas Search=6
6	BitBake		linguist:programming	BitBake=6
6	BSD	Q58636917	wikidata:operating system	BSD=6|BSD operating system=0|BSD derivative=0|BSD descendant=0|BSD system=0|BSD-based=2
6	Closure Templates		linguist:markup	Closure Templates=3|soy=3
6	D-Bus	Q768923	wikidata:software library	D-Bus=6|dbus=0|Desktop Bus=0
6	Database management system		onet:Data base management system software	Database management system=6
6	Discrete event simulation		onet:Analytical or scientific software	Discrete event simulation=6
6	Dojo	Q956343	wikidata:software framework|wikidata:software library|wikidata:web framework	Dojo=6|Dojo Toolkit=0|ng-dhtml=0|Dojo 2=0
6	Drizzle	Q2566342	wikidata:DBMS	Drizzle=6
6	ECL		linguist:programming	ECL=6
6	Elm	Q5366250	linguist:programming|wikidata:programming language	Elm=6
6	Extensible Application Markup Language	Q258778	wikidata:programming language	Extensible Application Markup Language=0|XAML=6
6	gulp.js	Q24382606	wikidata:software framework|wikidata:software library	gulp.js=0|gulp=6|gulpjs=0
6	Inform 7		linguist:programming	Inform 7=0|i7=6|inform7=0
6	Integrity verification		onet:Network monitoring software	Integrity verification=6
6	ISPF		onet:Data base management system software	ISPF=6|Interactive System Productivity Facility ISPF=0|Interactive System Productivity Facility=0
6	Jade	Q2377492	wikidata:software framework|wikidata:software library	Jade=6|Jade engine=0
6	Jakarta Enterprise Beans	Q742961	onet:Web platform development software	Jakarta Enterprise Beans=0|EJB=6|Enterprise Java Beans=0|Enterprise JavaBeans=0
6	Java Agent Development Framework	Q1684174	wikidata:programming language|wikidata:software framework|wikidata:software library	Java Agent Development Framework=0|JADE=6
6	JetBrains MPS		linguist:programming	JetBrains MPS=1|mps=6
6	Kusto		linguist:data	Kusto=6
6	Leaflet	Q13685322	wikidata:software library	Leaflet=5|Leaflet.js=1|Leaflet js=0
6	Lisp	Q132874	wikidata:programming language	Lisp=6|ISO/IEC 13816=0|JIS X 3012=0|List Processor=0
6	Log4j	Q286923	wikidata:software library	Log4j=6
6	Macaulay2		linguist:programming	Macaulay2=0|m2=6
6	Nit		linguist:programming	Nit=6
6	PEAR	Q568694	wikidata:software framework|wikidata:software library	PEAR=6|PHP Extension and Add-on Repository=0|PHP Extension and Application Repository=0|php-pear=0
6	PL/pgSQL	Q2044345	wikidata:programming language	PL/pgSQL=6
6	PLSQL		linguist:programming	PLSQL=6
6	Polymer	Q21463129	wikidata:software library	Polymer=6
6	PPM		onet:Enterprise resource planning ERP software	PPM=5|Project portfolio management=1
6	Proguard		linguist:data	Proguard=6
6	Pure Data		linguist:data	Pure Data=6
6	Qiskit	Q70490607	wikidata:software framework|wikidata:software library	Qiskit=6
6	Rhapsody	Q264020	wikidata:operating system	Rhapsody=6
6	Rouge		linguist:programming	Rouge=6
6	Safari	Q70060354	onet:Internet browser software	Safari=6|Apple Safari=0|Safari for Windows=0
6	Sqoop	Q773220	onet:Data base management system software	Sqoop=6
6	Timing analysis		onet:Analytical or scientific software	Timing analysis=6
6	TSQL		linguist:programming	TSQL=6
6	TSX		linguist:programming	TSX=6|typescriptreact=0
6	Vim script		linguist:programming	Vim script=0|vim=6|nvim=0
6	Windows Driver Model	Q1329009	wikidata:software framework|wikidata:software library	Windows Driver Model=0|WDM=6
6	Wolfram Language	Q15241057	linguist:programming|wikidata:programming language	Wolfram Language=0|Wolfram=5|Mathematica=1|Mathematica language=0|wolfram lang=0|wl=0
5	Adobe Creative Cloud	Q14636918	onet:Graphics or photo imaging software	Adobe Creative Cloud=3|Creative Cloud=5|Adobe CC=0
5	Adobe Dreamweaver	Q192324	onet:Web page creation and editing software	Adobe Dreamweaver=0|DW=2|Dreamweaver=3|Macromedia Dreamweaver=0
5	Advanced Linux Sound Architecture	Q379635	wikidata:software framework|wikidata:software library	Advanced Linux Sound Architecture=0|ALSA=5
5	Alteryx		onet:Business intelligence and data analysis software	Alteryx=5
5	Android Automotive	Q65066507	wikidata:operating system	Android Automotive=3|AAOS=2|Android Automotive OS=2
5	Aqua	Q622898	wikidata:GUI toolkit|wikidata:software library	Aqua=5|Aqua theme=0
5	ArangoDB	Q20072115	wikidata:DBMS	ArangoDB=5
5	assembler	Q6470767	wikidata:programming language	assembler=5|assembly program=0
5	Babylon.js	Q25380625	wikidata:software framework|wikidata:software library|wikidata:web framework	Babylon.js=5
5	C++/CLI	Q1022268	wikidata:programming language	C++/CLI=5|C plus plus/CLI=0|C++/Common Language Infrastructure=0
5	Chart.js	Q83624620	wikidata:software library	Chart.js=5
5	CloudWorks		onet:Application server software	CloudWorks=5
5	Common Intermediate Language	Q263544	linguist:data|wikidata:programming language	Common Intermediate Language=0|CIL=5|MSIL=0
5	DataWeave		linguist:programming	DataWeave=5
5	Delphi	Q4037189	wikidata:programming language	Delphi=5
5	Delphi	Q487378	onet:Object or component oriented development software	Delphi=5|Embarcadero Delphi=0
5	DTS		onet:Data base management system software	DTS=5|Data transformation services=0
5	Dune		linguist:programming	Dune=5
5	Element management		onet:Administration software	Element management=5
5	Eloqua		onet:Customer relationship management CRM software	Eloqua=5
5	Emacs Lisp	Q1334586	linguist:programming|wikidata:programming language	Emacs Lisp=0|Elisp=0|cask=0|eask=0|emacs=5
5	Google Guava	Q4140561	wikidata:software library	Google Guava=0|guava=5
5	Grails	Q848544	onet:Web platform development software|wikidata:software framework|wikidata:software library|wikidata:web framework	Grails=5
5	Groovy Server Pages		linguist:programming	Groovy Server Pages=0|gsp=5|java server page=0
5	Handlebars		linguist:markup	Handlebars=3|hbs=2|htmlbars=0
5	INI		linguist:data	INI=0|conf=5|dosini=0
5	Internet Information Services (IIS)		onet:Transaction server software	Internet Information Services (IIS)=5
5	InVision		onet:Process mapping and design software	InVision=5
5	JMP	Q1161680	onet:Analytical or scientific software	JMP=5
5	McAfee		onet:Transaction security and virus protection software	McAfee=5
5	Minitab	Q1471909	onet:Analytical or scientific software	Minitab=5
5	OpenEdge ABL		linguist:programming|onet:Development environment software	OpenEdge ABL=0|openedge=0|abl=5
5	QML	Q961543	linguist:programming|wikidata:programming language	QML=5|Qt Meta-object Language=0
5	Quake		linguist:programming	Quake=5
5	Recovery Manager		onet:Backup or archival software	Recovery Manager=5
5	Resource Access Control Facility	Q1362095	onet:Network security or virtual private network VPN management software	Resource Access Control Facility=0|RACF=5|Resource Access Control Facility RACF=0
5	Semrush		onet:Web platform development software	Semrush=5
5	Server Side Includes	Q1411939	wikidata:programming language	Server Side Includes=1|SSI=5|Server-parsed HTML=0|SHTML=0
5	Simple DirectMedia Layer	Q727439	onet:Development environment software|wikidata:software library	Simple DirectMedia Layer=0|SDL=5
5	SVG		linguist:data|onet:Development environment software	SVG=5|Scalable vector graphics=0
5	Traceroute		onet:Network monitoring software	Traceroute=5
5	Vector CANoe		onet:Development environment software	Vector CANoe=5
5	Vert.x	Q7922736	wikidata:software framework|wikidata:software library	Vert.x=5
5	WAN optimization		onet:Network operating system enhancement software	WAN optimization=5|Wide area network optimization=0
5	X10	Q1852616	linguist:programming|wikidata:programming language	X10=2|xten=3
4	ABAP CDS		linguist:programming	ABAP CDS=4
4	ADO.NET	Q290508	onet:Data base management system software|onet:Data base user interface and query software|wikidata:software framework|wikidata:software library	ADO.NET=4
4	Android 1.0	Q23310070	wikidata:operating system	Android 1.0=0|Android Base=4
4	Apache MXNet	Q22348165	onet:Industrial control software|wikidata:software library	Apache MXNet=0|mix-net=0|MXNet=4
4	Apache Pig	Q7193204	onet:Data base management system software	Apache Pig=0|Pig=4
4	Apache Struts	Q900957	onet:Web platform development software|wikidata:software framework|wikidata:software library|wikidata:web framework	Apache Struts=0|Struts=4|WebWork=0|Jakarta Struts=0
4	Binary File Descriptor library	Q6131957	wikidata:software library	Binary File Descriptor library=0|BFD=4|libbfd=0
4	Bluespec BH		linguist:programming	Bluespec BH=0|bh=4|bluespec classic=0
4	C shell	Q1064516	linguist:programming|onet:Operating system software|wikidata:programming language	C shell=1|csh=3|csh.1=0|tcsh=0
4	CGAL	Q2718971	wikidata:software framework|wikidata:software library	CGAL=4
4	CGI		onet:Enterprise application integration software	CGI=4|Common gateway interface=0
4	Computational statistics		onet:Analytical or scientific software	Computational statistics=4
4	Computer forensic		onet:Filesystem software	Computer forensic=4
4	Database capacity planning		onet:Requirements analysis and system architecture software	Database capacity planning=4
4	Database cloning		onet:Backup or archival software	Database cloning=4
4	dbm	Q961733	wikidata:DBMS	dbm=2|Database Manager=2|UNIX dbm=0
4	Decompilers		onet:Compiler and decompiler software	Decompilers=4
4	Diesel	Q4037333	wikidata:software framework|wikidata:software library	Diesel=4|Diesel Engine 2.0=0
4	Document management system		onet:Document management software	Document management system=4
4	DTrace		linguist:programming	DTrace=4|dtrace-script=0
4	FitNesse	Q5455377	onet:Program testing software	FitNesse=4
4	Fortran	Q83303	linguist:programming|onet:Object or component oriented development software|wikidata:programming language	Fortran=4
4	GNU Guile	Q1486208	wikidata:programming language	GNU Guile=0|GEL=4|Guile=0|GNU Extension Language=0|GNU Ubiquitous Intelligent Language for Extensions=0
4	GNU Octave	Q223679	wikidata:programming language	GNU Octave=0|OCTAVE=4
4	Go Workspace		linguist:data	Go Workspace=0|go.work=0|go work=4
4	Godot	Q16972633	wikidata:software framework|wikidata:software library	Godot=4|Godot Engine=0|Godoh Engine=0|Godot Game Engine=0
4	Grunt	Q24576808	wikidata:software library	Grunt=4
4	H2	Q1562670	wikidata:DBMS	H2=4|H2 Database Engine=0|Hypersonic 2=0
4	Harbour	Q2544816	linguist:programming|wikidata:programming language	Harbour=4
4	Hibernate ORM		onet:Object oriented data base management software	Hibernate ORM=4
4	HRMS		onet:Human resources software	HRMS=4|Human resource management software=0
4	IBATIS	Q285129	wikidata:software framework|wikidata:software library	IBATIS=4
4	IBM WebSphere	Q2536917	onet:Cloud-based management software	IBM WebSphere=1|WebSphere=4
4	Interactive Data Language	Q1665857	linguist:programming|onet:Development environment software|wikidata:programming language	Interactive Data Language=0|IDL=4|Interface definition language=0
4	Issue tracking system		onet:Data base user interface and query software	Issue tracking system=4
4	jq		linguist:programming	jq=4
4	Keynote	Q412510	onet:Presentation software	Keynote=4|Apple Keynote=0
4	Knockout.js	Q1100240	wikidata:software library	Knockout.js=0|Knockout=2|KnockoutJS=2
4	ladder logic	Q1411875	onet:Development environment software|wikidata:programming language	ladder logic=4
4	libvirt	Q1188957	wikidata:software library	libvirt=4
4	Mermaid		linguist:markup	Mermaid=4|mermaid example=0
4	MIB		onet:Network operating system enhancement software	MIB=4|Management information base=0
4	Network intrusion detection		onet:Network security and virtual private network VPN equipment software	Network intrusion detection=4
4	Open Dynamics Engine	Q2025673	wikidata:software framework|wikidata:software library	Open Dynamics Engine=0|ODE=4
4	OpenView		onet:Network monitoring software	OpenView=4
4	Redmine	Q1149365	onet:Project management software|wikidata:software framework|wikidata:software library	Redmine=4
4	reStructuredText		linguist:prose	reStructuredText=0|rst=4
4	Slash		linguist:programming	Slash=4
4	Slim		linguist:markup	Slim=4
4	SMT		linguist:programming	SMT=4
4	Squirrel	Q1200182	linguist:programming|wikidata:programming language	Squirrel=4
4	Stan	Q17085079	linguist:programming|wikidata:programming language	Stan=4
4	Tenable Nessus		onet:Transaction security and virus protection software	Tenable Nessus=4
4	Test implementation		onet:Program testing software	Test implementation=4
4	Time Sharing Option	Q2140920	onet:Compiler and decompiler software	Time Sharing Option=0|TSO=4
4	Underscore.js	Q4052375	wikidata:software library	Underscore.js=0|Underscore=4
4	Web CMS		onet:Web page creation and editing software	Web CMS=4|Web content management system=0
4	WebKit	Q654034	wikidata:software framework|wikidata:software library	WebKit=4|WebCore=0|AppleWebKit=0
4	WGSL		linguist:programming	WGSL=4
4	Yardi		onet:Data base user interface and query software	Yardi=4
3	Ab Initio		onet:Enterprise resource planning ERP software	Ab Initio=3
3	Anti-phishing		onet:Transaction security and virus protection software	Anti-phishing=3
3	Apache CouchDB	Q1136882	wikidata:DBMS	Apache CouchDB=0|Couch=3|CouchDB=0
3	ArcSDE		onet:Geographic information system	ArcSDE=3
3	ASP.NET Core MVC		onet:Web platform development software	ASP.NET Core MVC=3
3	Bubble	Q28930667	wikidata:programming language	Bubble=3
3	Cascading Style Sheets	Q46441	wikidata:programming language	Cascading Style Sheets=3
3	Chromium Embedded Framework	Q5113822	wikidata:GUI toolkit|wikidata:software framework|wikidata:software library	Chromium Embedded Framework=1|CEF=2
3	Cloud Bigtable	Q72237	wikidata:DBMS	Cloud Bigtable=2|Big Table=1
3	Code hosting		onet:Application server software	Code hosting=3
3	Crystal Reports	Q1142403	onet:Data base reporting software	Crystal Reports=3
3	CUE		linguist:programming	CUE=3
3	Cyclone	Q79598	wikidata:programming language	Cyclone=3
3	Cython	Q975594	linguist:programming|wikidata:programming language	Cython=3
3	Data Explorer		onet:Data mining software	Data Explorer=3
3	DIGITAL Command Language	Q427002	linguist:programming|wikidata:programming language	DIGITAL Command Language=0|DCL=3
3	Dylan	Q1268744	linguist:programming|wikidata:programming language	Dylan=3
3	eCos	Q285237	wikidata:operating system	eCos=3
3	Essbase	Q1368563	onet:Data base user interface and query software	Essbase=3
3	Fortress	Q1439015	wikidata:programming language	Fortress=3
3	FPGA design		onet:Computer aided design CAD software	FPGA design=3|Field programmable gate array design=0
3	FreeBASIC	Q195929	linguist:programming|wikidata:programming language	FreeBASIC=0|fbc=0|fb=3
3	ggplot2	Q326489	wikidata:software library	ggplot2=3
3	GNU C Library	Q856089	wikidata:software library	GNU C Library=0|glibc=3|GNU libc=0
3	GraalVM	Q16928072	wikidata:programming language	GraalVM=3|Graal=0|GraalVM Community Edition=0|Oracle Enterprise Edition=0|Oracle GraalVM=0
3	High Level Assembly	Q2630324	wikidata:programming language	High Level Assembly=1|HLA=2|High Level Assembler=0
3	HiveQL		linguist:programming	HiveQL=3
3	Horde	Q1423806	wikidata:software framework|wikidata:software library|wikidata:web framework	Horde=3|Horde groupware=0|Horde mail=0
3	htmx	Q109462071	wikidata:software framework|wikidata:software library|wikidata:web framework	htmx=3
3	Indexed Database API	Q125176	wikidata:DBMS	Indexed Database API=0|IndexedDB=3|WebSimpleDB=0
3	IRC log		linguist:data	IRC log=0|irc=3|irc logs=0
3	ISIS	Q5973993	wikidata:operating system	ISIS=3
3	JavaScriptCore	Q1058028	wikidata:software framework|wikidata:software library	JavaScriptCore=3
3	KakouneScript		linguist:programming	KakouneScript=0|kak=3|kakscript=0
3	KornShell	Q204222	onet:Operating system software|wikidata:programming language	KornShell=0|ast-ksh=0|ksh=3|ksh93=0
3	Lark		linguist:data	Lark=3
3	LaTeX	Q5310	wikidata:software library	LaTeX=3|latex-project.org=0|The LaTeX Project=0
3	Latte		linguist:markup	Latte=3
3	Linux Kernel Module		linguist:data	Linux Kernel Module=3
3	Logic programming		onet:Program testing software	Logic programming=3
3	m4	Q292068	linguist:programming|wikidata:programming language	m4=3|UNIX m4=0
3	MarkLogic	Q29364583	onet:Data base user interface and query software	MarkLogic=3|MarkLogic Server=0
3	MEDITECH		onet:Medical software	MEDITECH=3
3	Meson		linguist:programming	Meson=3
3	Microsoft Foundation Class Library	Q908419	wikidata:GUI toolkit|wikidata:software library	Microsoft Foundation Class Library=0|MFC=3
3	Motif	Q1136830	wikidata:GUI toolkit|wikidata:software library	Motif=3
3	MSHTML	Q432145	wikidata:software framework|wikidata:software library	MSHTML=0|Trident=3
3	Multi-router traffic grapher MRTG		onet:Network monitoring software	Multi-router traffic grapher MRTG=3
3	musl	Q6942849	wikidata:software library	musl=3|musl libc=0
3	MVS	Q781443	onet:Operating system software|wikidata:operating system	MVS=3|OS/VS2=0|IBM MVS=0|Multiple Virtual Storage=0|MVS operating system=0
3	netstat		onet:Network monitoring software	netstat=3
3	NetView		onet:Network monitoring software	NetView=3
3	Norton AntiVirus	Q741128	onet:Transaction security and virus protection software	Norton AntiVirus=0|NAV=3|Norton Security=0|Norton Anti-Virus=0|Norton by Symantec=0|NortonOnline=0
3	Packet filter		onet:Transaction security and virus protection software	Packet filter=3
3	Place-and-route		onet:Computer aided design CAD software	Place-and-route=3
3	PowerCenter		onet:Metadata management software	PowerCenter=3
3	Riot		linguist:markup	Riot=3
3	RobotFramework		linguist:programming	RobotFramework=3
3	Rockwell Automation		onet:Development environment software	Rockwell Automation=3
3	RTX	Q3415794	wikidata:operating system	RTX=3|RTX 64: Real-time 64-bit Windows=0|RTX: Real-time 64-bit Windows=0
3	Scaleform		onet:Development environment software	Scaleform=3
3	Skype	Q40984	onet:Desktop communications software	Skype=3
3	Snakemake		linguist:programming	Snakemake=3|snakefile=0
3	SpiderMonkey	Q1848400	wikidata:software framework|wikidata:software library	SpiderMonkey=3
3	TLA+	Q28955120	wikidata:programming language	TLA+=3
3	Turbo C++	Q1194352	wikidata:programming language	Turbo C++=0|Borland Turbo C++=0|tcc=3
3	V operating system	Q1030951	wikidata:operating system	V operating system=0|V-System=3|Verex=0
3	Videoconferencing		onet:Video conferencing software	Videoconferencing=3
3	WDL		linguist:programming	WDL=3|Workflow Description Language=0
3	Web application framework		onet:Web platform development software	Web application framework=3
3	webOS	Q305873	wikidata:operating system	webOS=3|HP webOS=0|LG webOS=1|Open webOS=0|Palm webOS=0|web OS=0|LG OS=0|LG TVOS=0|LGTV OS=0
3	Whitespace	Q378222	wikidata:programming language	Whitespace=3
3	Windows Installer	Q181233	onet:Data mining software	Windows Installer=2|Darwin=1|Project Darwin=0
3	Windows Mobile	Q21207	onet:Operating system software|wikidata:operating system	Windows Mobile=3|Microsoft Windows Mobile=0
3	x86 assembly language	Q297868	wikidata:programming language	x86 assembly language=0|AT&T syntax=0|16-bit x86 assembly programming=0|32-bit x86 assembly programming=0|64-bit x86 assembly programming=0|Intel assembly=0|Intel assembly syntax=0|Intel syntax=0|X86 asm=0|X86 assembly=3|X86 assembly programming in long mode=0|X86 assembly programming in protected mode=0|X86 assembly programming in real mode=0|X86-assembly language in longmode=0|X86-assembly language in protected mode=0|X86-assembly language in realmode=0
3	Xbox One and Xbox Series X/S system software	Q17048762	wikidata:operating system	Xbox One and Xbox Series X/S system software=0|Microsoft Xbox One and Xbox Series X and S system software=0|Microsoft Xbox One and Xbox Series X/S system software=0|Microsoft Xbox One and Xbox Series X=0|S system software=3|XBO and XBSX system software=0|Xbox One and Xbox Series X and S system software=0|Xbox One and Xbox Series X=0|Xbox OS=0
3	XPath	Q16340	wikidata:programming language	XPath=3|XML Path Language=0
3	ZK	Q2994520	wikidata:software framework|wikidata:software library|wikidata:web framework	ZK=3
2	Active Template Library	Q344239	wikidata:software library	Active Template Library=0|ATL=2
2	ADP Workforce Now		onet:Human resources software	ADP Workforce Now=2
2	Advanced numerical		onet:Analytical or scientific software	Advanced numerical=2
2	Adventure Game Studio	Q379950	wikidata:software framework|wikidata:software library	Adventure Game Studio=0|AGS=2
2	Anti-spyware		onet:Transaction security and virus protection software	Anti-spyware=2
2	Apache Velocity	Q617156	wikidata:software library	Apache Velocity=2
2	Autodesk Maya	Q272597	onet:Graphics or photo imaging software	Autodesk Maya=0|Maya=2
2	Avalanche	Q110233099	wikidata:software framework|wikidata:software library	Avalanche=2
2	Bionic	Q4035125	wikidata:software library	Bionic=2|Bionic libc=0
2	Business Intelligence Enterprise Edition		onet:Business intelligence and data analysis software	Business Intelligence Enterprise Edition=2
2	Business Process Execution Language	Q787631	wikidata:programming language	Business Process Execution Language=0|BPEL=2|BPEL4WS=0|WS-BPEL=0
2	CA IDMS	Q15303669	onet:Data base management system software	CA IDMS=0|IDMS=2|Computer Associates integrated data management system=0
2	Caddyfile		linguist:data	Caddyfile=0|Caddy=2
2	Caffe	Q27643379	wikidata:software framework|wikidata:software library	Caffe=2|Convolutional Architecture for Fast Feature Embedding=0
2	CakePHP	Q647055	wikidata:software framework|wikidata:software library|wikidata:web framework	CakePHP=2
2	Cap'n Proto		linguist:programming	Cap'n Proto=2
2	CartoCSS		linguist:programming	CartoCSS=0|Carto=2
2	CLIPS	Q165372	linguist:programming|wikidata:programming language	CLIPS=2|C Language Integrated Production System=0
2	code page 949	Q1105778	wikidata:software framework|wikidata:software library	code page 949=0|CP949=0|IBM code page 1363=0|UHC=2|Unified Hangul Code=0|Windows-949=0
2	CODEOWNERS		linguist:data	CODEOWNERS=2
2	Collaborative editing		onet:Word processing software	Collaborative editing=2
2	Compute Engine (GCE)		onet:Application server software	Compute Engine (GCE)=2
2	Darwin Information Typing Architecture	Q1166919	onet:Development environment software	Darwin Information Typing Architecture=0|DITA=2|Document Information Typing Architecture=0
2	DNS Server		onet:Internet directory services software	DNS Server=2
2	Doxygen		onet:Development environment software	Doxygen=2
2	FireMonkey	Q1418726	wikidata:software framework|wikidata:software library	FireMonkey=0|FMX=2
2	FoundationDB	Q14346046	wikidata:DBMS	FoundationDB=2
2	Gecko	Q487834	wikidata:software framework|wikidata:software library	Gecko=2|Firefox Gecko=0|Gecko engine=0|Gecko rendering engine=0|Mozilla Gecko=0
2	GIS systems		onet:Geographic information system	GIS systems=2|Geographic information system systems=0
2	GLib	Q1137964	wikidata:software library	GLib=2
2	Glimmer TS		linguist:programming	Glimmer TS=0|gts=2
2	Gno		linguist:programming	Gno=2|gnolang=0
2	GNU Common Lisp	Q1424922	wikidata:programming language	GNU Common Lisp=0|GCL=2
2	Graphics pipelines		onet:Graphics or photo imaging software	Graphics pipelines=2
2	Graphviz (DOT)		linguist:data	Graphviz (DOT)=2
2	GSON	Q5514607	wikidata:software library	GSON=2
2	Hadoop YARN		onet:Data base management system software	Hadoop YARN=2
2	HashiCorp Vagrant	Q7725312	onet:Web platform development software	HashiCorp Vagrant=0|Vagrant=2
2	Hootsuite		onet:Enterprise application integration software	Hootsuite=2
2	IBM Informix	Q1050734	onet:Data base user interface and query software|onet:Object oriented data base management software|wikidata:DBMS	IBM Informix=0|Informix Dynamic Server=0|Informix=2
2	ifconfig		onet:Administration software	ifconfig=2
2	InstallShield	Q1193296	onet:Configuration management software	InstallShield=2
2	Internet Explorer	Q1575	onet:Internet browser software	Internet Explorer=2|Internet Jumpstart Kit=0|MS IE=0|Windows IE=0
2	JAL	Q2005972	wikidata:programming language	JAL=2|Just Another Language=0
2	Joomla	Q13167	onet:Web platform development software	Joomla=2
2	Juce	Q4041910	wikidata:GUI toolkit|wikidata:software library	Juce=2
2	LAMP Stack		onet:Web platform development software	LAMP Stack=2
2	Lasso	Q3218363	linguist:programming|wikidata:programming language	Lasso=2|lassoscript=0
2	LevelDB	Q630473	wikidata:DBMS|wikidata:software library	LevelDB=2
2	Lingo	Q664867	wikidata:programming language	Lingo=2
2	macOS Catalina	Q64351129	wikidata:operating system	macOS Catalina=1|Catalina=1|Apple mac OS 10.15=0|Apple mac OS Catalina=0|Apple macOS 10.15=0|Apple macOS Catalina=0|mac OS 10.15=0|mac OS Catalina=0|macOS 10.15=1
2	Makefile		linguist:programming	Makefile=2|bsdmake=0|mf=0
2	Mathematica	Q81294	wikidata:programming language	Mathematica=1|mma=1|Wolfram Mathematica=0
2	MDX		linguist:markup	MDX=2
2	Microsoft OneNote	Q706480	onet:Word processing software	Microsoft OneNote=0|Microsoft Office OneNote=0|OneNote=2
2	NaCl	Q16978209	wikidata:software library	NaCl=2|Networking and Cryptography library=0
2	Network reporting		onet:Data base reporting software	Network reporting=2
2	NetworkX	Q7000696	wikidata:software library	NetworkX=2
2	ObjectScript		linguist:programming	ObjectScript=2
2	OpenVAS	Q1810573	onet:Transaction security and virus protection software	OpenVAS=2|Open Vulnerability Assessment System=0
2	Oracle WebLogic Server	Q83589	onet:Application server software	Oracle WebLogic Server=2|WebLogic Server=2
2	Paradox	Q1779923	onet:Object or component oriented development software|wikidata:DBMS|wikidata:programming language	Paradox=2|Borland Paradox=0|Corel Paradox=0|Corel Paradox 8=0|Paradox 8=0|Paradox Database 8=0
2	PDDL		linguist:programming	PDDL=2
2	Pike	Q1572341	linguist:programming|wikidata:programming language	Pike=2
2	PL/I	Q223433	wikidata:programming language	PL/I=2
2	PostCSS	Q27145544	linguist:markup|wikidata:software library	PostCSS=2
2	PrimeFaces	Q1240306	wikidata:software framework|wikidata:software library|wikidata:web framework	PrimeFaces=2
2	Project-Open		onet:Project management software	Project-Open=2
2	PureScript	Q65082796	linguist:programming|wikidata:programming language	PureScript=2
2	RAML		linguist:markup	RAML=2
2	Scenic		linguist:programming	Scenic=2
2	Semantic Web	Q54837	wikidata:software framework|wikidata:software library	Semantic Web=2|SemWeb=0|Sem Web=0|Semantic Web Technologies=1
2	SharePlex		onet:Data base management system software	SharePlex=2
2	Silver Peak		onet:Network operating system enhancement software	Silver Peak=2
2	Simula	Q212569	wikidata:programming language	Simula=2
2	Sinatra	Q657028	wikidata:software framework|wikidata:software library|wikidata:web framework	Sinatra=2
2	SLF4J	Q1056934	wikidata:software library	SLF4J=2|Simple Logging Facade for Java=0
2	SLIME	Q2206569	wikidata:software library	SLIME=2|Superior Lisp Interaction Mode for Emacs=0
2	Socket.IO	Q7552998	wikidata:software library	Socket.IO=2
2	SPSS	Q181596	onet:Analytical or scientific software	SPSS=2|IBM SPSS Statistics=0|Statistical Package for the Social Sciences=0|Statistical Product and Service Solutions=0|SPSS Statistics=0
2	Stata	Q1204300	linguist:programming|wikidata:programming language	Stata=2
2	Systems WCS		onet:Administration software	Systems WCS=2|Systems Wireless Control System WCS=0|Systems Wireless Control System=0
2	The Unicode Standard	Q8819	wikidata:software framework|wikidata:software library	The Unicode Standard=0|Unicode=2|Uni-code=0|Unicode Standard=0
2	Threading Building Blocks	Q1384104	wikidata:software library	Threading Building Blocks=0|TBB=2|Intel TBB=0|Intel Threading Building Blocks=0|oneAPI Threading Building Blocks=0|oneTBB=0
2	Tom	Q7424115	wikidata:programming language	Tom=2
2	Tornado	Q1088546	wikidata:software framework|wikidata:software library|wikidata:web framework	Tornado=2
2	UNIX System Services	Q2496511	wikidata:operating system	UNIX System Services=2
2	Uno		linguist:programming	Uno=2
2	Video Acceleration API	Q3557801	wikidata:software library	Video Acceleration API=0|VA-API=2|VAAPI=0
2	Visual Basic for Applications VBA		onet:Development environment software	Visual Basic for Applications VBA=2
2	VNC		onet:Platform interconnectivity software	VNC=2|Virtual network computing=0
2	WebInspect		onet:Transaction security and virus protection software	WebInspect=2
2	Windows IoT	Q1314632	wikidata:operating system	Windows IoT=0|Windows Embedded=2
2	Windows Server 2025	Q124368037	wikidata:operating system	Windows Server 2025=2
2	YASnippet		linguist:markup	YASnippet=0|snippet=2|yas=0
1	3DSlicer	Q3598981	wikidata:software framework|wikidata:software library	3DSlicer=1|3D Slicer=0
1	ABB RobotStudio		onet:Development environment software	ABB RobotStudio=1
1	Acrobat Distiller	Q4683976	onet:Desktop publishing software	Acrobat Distiller=0|Adobe Acrobat Distiller=0|Adobe Distiller=0|Distiller=1
1	Address programming language	Q4057965	wikidata:programming language	Address programming language=0|APL=1
1	Adobe ColdFusion	Q468446	linguist:programming|onet:Web platform development software	Adobe ColdFusion=0|Cold Fusion=0|ColdFusion=0|Macromedia ColdFusion=0|cfm=1|coldfusion html=0
1	Aiken		linguist:programming	Aiken=1
1	Altiris Deployment Solution		onet:Configuration management software	Altiris Deployment Solution=1
1	Altova MapForce		onet:Metadata management software	Altova MapForce=1
1	Android Things	Q20058659	wikidata:operating system	Android Things=1|Project Brillo=0
1	ANSI C		onet:Development environment software	ANSI C=1|American National Standards Institute C=0
1	Antlers		linguist:markup	Antlers=1
1	Application Express APEX		onet:Web platform development software	Application Express APEX=1
1	ArcGIS Web AppBuilder		onet:Development environment software	ArcGIS Web AppBuilder=1
1	ArcView	Q631011	onet:Geographic information system	ArcView=1
1	ASN.1		linguist:data	ASN.1=1
1	ASP.NET AJAX	Q2578643	wikidata:software framework|wikidata:software library	ASP.NET AJAX=1
1	Autodesk 3ds Max	Q212324	onet:Video creation and editing software	Autodesk 3ds Max=0|3D max=0|3ds Max=1
1	Azure DevOps Services		onet:Development environment software	Azure DevOps Services=1
1	Backbone.js	Q3736988	onet:Web platform development software|wikidata:software library	Backbone.js=1
1	Backup and archival		onet:Backup or archival software	Backup and archival=1
1	Basic Linear Algebra Subprograms	Q810007	wikidata:software library	Basic Linear Algebra Subprograms=0|BLAS=1
1	BeanShell	Q812964	wikidata:programming language	BeanShell=1
1	Bidirectional encoder representations from transformers (BERT)		onet:Analytical or scientific software	Bidirectional encoder representations from transformers (BERT)=1
1	Bison		linguist:programming	Bison=1
1	BlackBerry Enterprise Server		onet:Operating system software	BlackBerry Enterprise Server=1
1	Blackboard		onet:Computer based training software|onet:Data base user interface and query software	Blackboard=1
1	Block diagram		onet:Pattern design software	Block diagram=1
1	BroadSoft BroadWorks		onet:Desktop communications software	BroadSoft BroadWorks=1
1	Chapel	Q4036051	linguist:programming|wikidata:programming language	Chapel=1|chpl=0
1	ChucK	Q850484	linguist:programming|wikidata:programming language	ChucK=1
1	Citrix Virtual Apps	Q1093482	onet:Application server software	Citrix Virtual Apps=1|Citrix Presentation Server=0|Citrix XenApp=0|XenApp=0
1	Clinical trial management		onet:Data base user interface and query software	Clinical trial management=1
1	Clipper	Q834358	onet:Development environment software|wikidata:programming language	Clipper=1
1	CLIST	Q579880	wikidata:programming language	CLIST=1
1	Cobra	Q608565	wikidata:programming language	Cobra=1
1	Cocoa Touch	Q2628895	wikidata:software framework|wikidata:software library	Cocoa Touch=1
1	Cocos2d-x	Q1525915	wikidata:software framework|wikidata:software library	Cocos2d-x=1
1	CodeIgniter	Q339829	wikidata:software framework|wikidata:software library|wikidata:web framework	CodeIgniter=1
1	Common Workflow Language		linguist:programming	Common Workflow Language=0|cwl=1
1	Content Manager		onet:Document management software	Content Manager=1
1	Core Audio	Q1132463	wikidata:software library	Core Audio=1
1	Couchbase Server	Q10858568	onet:Data base management system software|wikidata:DBMS	Couchbase Server=1
1	CPL	Q2347334	wikidata:programming language	CPL=1
1	CppUnit	Q143035	onet:Program testing software	CppUnit=1
1	Cω	Q1151190	wikidata:programming language	Comega=0|Cw=1
1	Data Migration Software		onet:Storage media loading software	Data Migration Software=1
1	Debugview		onet:Program testing software	Debugview=1
1	DirectFB	Q978940	wikidata:software library	DirectFB=1
1	Dynamic modeling		onet:Analytical or scientific software	Dynamic modeling=1
1	EDI systems		onet:Enterprise application integration software	EDI systems=1|Electronic Data Interchange systems=0
1	EditorConfig		linguist:data	EditorConfig=1|editor-config=0
1	EJS		linguist:markup	EJS=1
1	Email management		onet:Communications server software	Email management=1
1	EMC NetWorker	Q3045961	onet:Backup or archival software	EMC NetWorker=0|NetWorker=1
1	Enterprise Miner		onet:Data mining software	Enterprise Miner=1
1	ERP Financials		onet:Enterprise resource planning ERP software	ERP Financials=1
1	Ext JS		onet:Web platform development software	Ext JS=1
1	Fusion Applications		onet:Enterprise resource planning ERP software	Fusion Applications=1
1	Fusion Middleware		onet:Enterprise application integration software	Fusion Middleware=1
1	GAUSS	Q953642	wikidata:programming language	GAUSS=1
1	GeoTools	Q1478133	wikidata:software library	GeoTools=1|Geo Tools=0
1	GNU Scientific Library	Q1486247	wikidata:software library	GNU Scientific Library=0|GSL=1
1	Google Guice	Q1537677	wikidata:software library	Google Guice=1
1	GPSS	Q1486554	wikidata:programming language	GPSS=1
1	Grammatical Framework		linguist:programming	Grammatical Framework=0|gf=1
1	GTK	Q189464	wikidata:GUI toolkit|wikidata:software framework|wikidata:software library	GTK=0|GTK+=1|The GIMP Toolkit=0
1	Havok	Q616957	wikidata:software framework|wikidata:software library	Havok=1|Havok Game Dynamics SDK=0|Havok Physics=0
1	HCPCS		onet:Medical software	HCPCS=1|Healthcare common procedure coding system=0
1	Hercules	Q1609610	onet:Analytical or scientific software	Hercules=1
1	HTML+ERB		linguist:markup	HTML+ERB=0|erb=1|rhtml=0|html+ruby=0
1	Hugo	Q24415127	wikidata:software framework|wikidata:software library|wikidata:web framework	Hugo=1|gohugo=0|gohugoio=0|Hugo software=0
1	id Tech 5	Q521406	wikidata:software framework|wikidata:software library	id Tech 5=0|Rage engine=1
1	ImageJ	Q1659584	wikidata:software library	ImageJ=1|Image-J=0|NIH Image=0
1	Information systems integration		onet:Information retrieval or search software	Information systems integration=1
1	Ink		linguist:programming	Ink=1
1	International Components for Unicode	Q823839	wikidata:software library	International Components for Unicode=0|ICU=1|IBM Classes for Unicode=0|libicu=0
1	Internet browser		onet:Internet browser software	Internet browser=1
1	IpFilter		onet:Network security and virtual private network VPN equipment software	IpFilter=1
1	iPro		onet:Data base user interface and query software	iPro=1
1	Jakarta Faces	Q729427	wikidata:software framework|wikidata:software library|wikidata:web framework	Jakarta Faces=0|JSF=1|Jakarta Server Faces=0|JavaServer Faces=0
1	JavaFX	Q2270514	wikidata:GUI toolkit|wikidata:software framework|wikidata:software library	JavaFX=1
1	JavaServer Pages JSP		onet:Web platform development software	JavaServer Pages JSP=1
1	Jdeveloper		onet:Development environment software	Jdeveloper=1
1	JSDoc	Q2089685	wikidata:software library	JSDoc=1
1	Kaito	Q399729	wikidata:software library	Kaito=1
1	KDE Frameworks	Q16973475	wikidata:software framework|wikidata:software library	KDE Frameworks=0|KF=1
1	KDL		linguist:data	KDL=1
1	Kernel-Mode Driver Framework	Q10851258	wikidata:software framework|wikidata:software library	Kernel-Mode Driver Framework=0|KMDF=1
1	KRL		linguist:programming	KRL=1
1	LexisNexis		onet:Information retrieval or search software	LexisNexis=1
1	Linker Script		linguist:programming	Linker Script=1
1	Literate Haskell		linguist:programming	Literate Haskell=0|lhaskell=0|lhs=1
1	Lobster		linguist:programming	Lobster=1
1	LogRhythm		onet:Network security or virtual private network VPN management software	LogRhythm=1
1	Low-level debugger		onet:Program testing software	Low-level debugger=1
1	M-code		onet:Object or component oriented development software	M-code=1
1	macOS Big Sur	Q96583789	wikidata:operating system	macOS Big Sur=0|Big Sur=0|macOS 11.0=1
1	macOS Server	Q719621	wikidata:operating system	macOS Server=1|Mac OS X Server=0|OS X Server=0
1	Marketo Marketing Automation		onet:Sales and marketing software	Marketo Marketing Automation=1
1	Media Foundation	Q1131133	wikidata:software framework|wikidata:software library	Media Foundation=1
1	Meteor	Q14246221	wikidata:software framework|wikidata:software library|wikidata:web framework	Meteor=1|Matador=0|Meteor.js=0
1	Microsoft Macro Assembler	Q1756018	wikidata:programming language	Microsoft Macro Assembler=0|MASM=1
1	Microsoft Silverlight	Q489048	onet:Web platform development software|wikidata:software framework|wikidata:software library	Microsoft Silverlight=0|Silverlight=1|Windows Presentation Foundation Everywhere=0|WPF/E=0
1	Mojo	Q118152673	linguist:programming|wikidata:programming language	Mojo=1|Mojo Lang=0|Mojo language=0
1	Mutation testing		onet:Program testing software	Mutation testing=1
1	NativeScript	Q28127049	wikidata:software framework|wikidata:software library	NativeScript=0|Google Chrome=1
1	NCL		linguist:programming|onet:Development environment software	NCL=1|NCAR Command Language=0
1	Next Generation Secure Web Gateway		onet:Transaction security and virus protection software	Next Generation Secure Web Gateway=1
1	ngrep	Q7022653	onet:Network monitoring software	ngrep=1|network grep=0
1	NIPS		onet:Network monitoring software	NIPS=1|Network intrusion prevention systems=0
1	Objective-C++		linguist:programming	Objective-C++=1|obj-c++=0|objc++=0|objectivec++=0
1	Odin		linguist:programming	Odin=1|odinlang=0|odin-lang=0
1	Option List		linguist:data	Option List=0|opts=1|ackrc=0
1	OrCAD	Q1197865	onet:Computer aided design CAD software	OrCAD=1
1	Packet analyzers		onet:Network monitoring software	Packet analyzers=1
1	Packet tracing		onet:Network monitoring software	Packet tracing=1
1	Pascal	Q81571	linguist:programming|onet:Development environment software|wikidata:programming language	Pascal=1|objectpascal=0
1	PDF.js	Q693274	wikidata:software library	PDF.js=1|PDF Viewer=0
1	PeopleSoft Financials		onet:Enterprise resource planning ERP software	PeopleSoft Financials=1
1	Perl shell		onet:Operating system software	Perl shell=1
1	Pharo	Q369096	wikidata:programming language	Pharo=1
1	Phaser	Q48851432	wikidata:software framework|wikidata:software library	Phaser=1|phaser.io=0
1	PhpStorm	Q1786113	onet:Web platform development software	PhpStorm=1
1	PhysX	Q705442	wikidata:software framework|wikidata:software library	PhysX=1
1	Pickle		linguist:data	Pickle=1
1	PLEX	Q7119636	wikidata:programming language	PLEX=1
1	Portswigger BurP Suite		onet:Transaction security and virus protection software	Portswigger BurP Suite=1
1	Pro*C	Q2111340	linguist:programming|wikidata:programming language	Pro*C=1|Pro-C/C++=0
1	PySide	Q2238523	wikidata:GUI toolkit|wikidata:software library	PySide=1
1	Q#	Q45322975	linguist:programming|wikidata:programming language	Q#=1|Q Sharp=0|qsharp=0
1	QRadar SIEM		onet:Network monitoring software	QRadar SIEM=1
1	QUnit	Q7265613	wikidata:software framework|wikidata:software library	QUnit=1
1	Redox	Q23665359	wikidata:operating system	Redox=1|Redox OS=0|RedoxOS=0
1	Rhino	Q585603	wikidata:software framework|wikidata:software library	Rhino=1
1	Rockstar Advanced Game Engine	Q961461	wikidata:software framework|wikidata:software library	Rockstar Advanced Game Engine=0|RAGE=1
1	Security incident management		onet:Network security or virtual private network VPN management software	Security incident management=1
1	Seesaw		onet:Multi-media educational software	Seesaw=1
1	Sencha Ext JS	Q515393	wikidata:GUI toolkit|wikidata:software library	Sencha Ext JS=1
1	Shen		linguist:programming	Shen=1
1	Short Code	Q2566011	wikidata:programming language	Short Code=1
1	Sinclair QDOS	Q2712090	wikidata:operating system	Sinclair QDOS=0|kudos=1|Qdos=0
1	Skia Graphics Engine	Q7534974	wikidata:software library	Skia Graphics Engine=0|SGL=0|Skia=1|Skia Graphics Library=0
1	Smarty	Q726196	linguist:programming|wikidata:software library	Smarty=1
1	SmPL		linguist:programming	SmPL=0|coccinelle=1
1	Social media sites		onet:Web page creation and editing software	Social media sites=1
1	Software Configuration Management System		onet:Configuration management software	Software Configuration Management System=1
1	Soong		linguist:data	Soong=1
1	Sound development		onet:Video creation and editing software	Sound development=1
1	SQL Loader		onet:Data base reporting software	SQL Loader=1
1	SQL Server Compact	Q1814028	onet:Data base management system software|wikidata:DBMS	SQL Server Compact=0|Microsoft SQL Server Compact=0|SQL CE=1|SQL Server CE=0
1	System 2	Q9350444	wikidata:operating system	System 2=1
1	Teal		linguist:programming	Teal=1
1	Thymeleaf	Q3526177	wikidata:software library	Thymeleaf=1
1	TIBCO Spotfire		onet:Business intelligence and data analysis software	TIBCO Spotfire=1
1	Tkinter	Q173871	wikidata:software library	Tkinter=1
1	Tor	Q202044	wikidata:software library	Tor=1|The Onion Router=0
1	Twig	Q4051886	linguist:markup|wikidata:software library	Twig=1
1	Twisted	Q969382	wikidata:software framework|wikidata:software library	Twisted=1
1	Unified Directory		onet:Internet directory services software	Unified Directory=1
1	Unified Parallel C	Q2095090	linguist:programming|wikidata:programming language	Unified Parallel C=0|UPC=1
1	VyOS	Q15575251	wikidata:operating system	VyOS=1
1	Watir	Q4052880	onet:Program testing software	Watir=1|Watin=0
1	WebAssembly Interface Type		linguist:data	WebAssembly Interface Type=0|wit=1
1	Windows Driver Frameworks	Q1067615	wikidata:software framework|wikidata:software library	Windows Driver Frameworks=0|WDF=1|Windows Driver Foundation=0
1	Windows Preinstallation Environment	Q206188	wikidata:operating system	Windows Preinstallation Environment=0|Windows PE=0|WinPE=1
1	Windows Server 2008	Q11233	wikidata:operating system	Windows Server 2008=1
1	Word processing		onet:Word processing software	Word processing=1
1	WQL	Q3564783	wikidata:programming language	WQL=1|Windows Management Instrumentation Query Language=0
1	Wwise	Q4819910	wikidata:software framework|wikidata:software library	Wwise=1|Audiokinetic Wave Works Interactive Sound Engine=0|Audiokinetic Wwise=0|Wave Works Interactive Sound Engine=0
1	XACML	Q288682	wikidata:programming language	XACML=1|Extensible Access Control Markup Language=0
1	XC		linguist:programming	XC=1
1	XS		linguist:programming	XS=1
1	Yacc		linguist:programming	Yacc=1
0	.NET Compact Framework	Q1153684	wikidata:software framework|wikidata:software library	.NET Compact Framework=0
0	.NET Framework 3.0	Q13212249	wikidata:software framework|wikidata:software library	.NET Framework 3.0=0|WinFX=0
0	.NET Micro Framework	Q158833	wikidata:software framework|wikidata:software library	.NET Micro Framework=0
0	.properties	Q1068805	wikidata:DBMS	.properties=0
0	1C Enterprise		linguist:programming	1C Enterprise=0
0	2-Dimensional Array		linguist:data	2-Dimensional Array=0
0	24SevenOffice Project		onet:Project management software	24SevenOffice Project=0
0	2AB iLock Security Services		onet:Access software	2AB iLock Security Services=0
0	3D graphic design		onet:Graphics or photo imaging software	3D graphic design=0
0	3DMLW	Q282705	wikidata:programming language	3DMLW=0
0	3M Post-it App		onet:Word processing software	3M Post-it App=0
0	4A Engine	Q4031580	wikidata:software framework|wikidata:software library	4A Engine=0
0	4DOS	Q238106	wikidata:programming language	4DOS=0|JP Software 4DOS=0
0	4th Dimension	Q238349	wikidata:DBMS|wikidata:programming language	4th Dimension=0
0	5AM Glassbox Translational Research		onet:Data base user interface and query software	5AM Glassbox Translational Research=0
0	86-DOS	Q1550345	wikidata:operating system	86-DOS=0|QDOS=0|Quick and Dirty Operating System=0
0	A#	Q1049708	wikidata:programming language	A#=0
0	A++	Q4646840	wikidata:programming language	A++=0|abstraction plus reference plus synthesis=0
0	A-Frame	Q28135597	wikidata:software framework|wikidata:software library|wikidata:web framework	A-Frame=0
0	ABC Compiler		onet:Development environment software	ABC Compiler=0
0	ABC: the AspectBench Compiler for AspectJ		onet:Object or component oriented development software	ABC: the AspectBench Compiler for AspectJ=0
0	ABEL		onet:Development environment software	ABEL=0|Advanced boolean expression language=0
0	ABNF		linguist:data	ABNF=0
0	Abstract Window Toolkit	Q333307	wikidata:GUI toolkit|wikidata:software library	Abstract Window Toolkit=0|AWT=0
0	Abstraction plus reference plus synthesis A++		onet:Development environment software	Abstraction plus reference plus synthesis A++=0
0	ABSYS	Q4650409	wikidata:programming language	ABSYS=0
0	Access Database Engine	Q1931612	wikidata:DBMS	Access Database Engine=0|Access Connectivity Engine=0|ACE Database Engine=0|Cirrus Database Engine=0|JET Database Engine=0
0	AccessData FTK		onet:Network monitoring software	AccessData FTK=0
0	Accessibility Toolkit	Q434382	wikidata:software library	Accessibility Toolkit=0|ATK=0
0	AcmeStudio		onet:Requirements analysis and system architecture software	AcmeStudio=0
0	Acresso InstallAnywhere		onet:Object or component oriented development software	Acresso InstallAnywhere=0
0	Acronis Recovery Expert		onet:Backup or archival software	Acronis Recovery Expert=0
0	Actano Rplan		onet:Project management software	Actano Rplan=0
0	Active Enterprise Data Warehouse		onet:Data base user interface and query software	Active Enterprise Data Warehouse=0
0	ActiveX	Q302022	onet:Object or component oriented development software|wikidata:software framework|wikidata:software library	ActiveX=0
0	Actuate BIRT		onet:Business intelligence and data analysis software	Actuate BIRT=0
0	Actuate Eclipse BIRT		onet:Data base reporting software	Actuate Eclipse BIRT=0
0	ADABAS	Q346434	wikidata:DBMS	ADABAS=0|Adaptable DAta BAse System=0
0	Adaptive Metadata Manager		onet:Metadata management software	Adaptive Metadata Manager=0
0	Ademero Content Central		onet:Document management software	Ademero Content Central=0
0	Adeptia ETL Suite		onet:Development environment software	Adeptia ETL Suite=0
0	Adexa eGPS Suite		onet:Enterprise resource planning ERP software	Adexa eGPS Suite=0
0	ADL		onet:Requirements analysis and system architecture software	ADL=0|Architecture description language=0
0	Adobe Font Metrics		linguist:data	Adobe Font Metrics=0|acfm=0|adobe composite font metrics=0|adobe multiple font metrics=0|amfm=0
0	Adobe FrameMaker	Q1440655	onet:Desktop publishing software	Adobe FrameMaker=0|Framemaker=0
0	Adobe PageMaker	Q360355	onet:Desktop publishing software	Adobe PageMaker=0|Aldus PageMaker=0|PageMaker=0
0	Adobe RoboHelp	Q4684006	onet:Graphical user interface development software	Adobe RoboHelp=0|RoboHelp=0
0	Adobe Shockwave	Q1061837	wikidata:software framework|wikidata:software library	Adobe Shockwave=0|Macromedia Shockwave=0|Xtra=0
0	ADOdb	Q290526	wikidata:software library	ADOdb=0|Adodb For PHP=0|Adodb php=0
0	ADSTAR		onet:Backup or archival software	ADSTAR=0
0	Advanced Processing and Imaging OptiView ECM		onet:Document management software	Advanced Processing and Imaging OptiView ECM=0
0	AEC Software FastTrack Schedule		onet:Project management software	AEC Software FastTrack Schedule=0
0	Agda	Q20479	linguist:programming|wikidata:programming language	Agda=0
0	AGESA	Q294948	wikidata:software library	AGESA=0
0	Agronomic modeling		onet:Analytical or scientific software	Agronomic modeling=0
0	AGS Script		linguist:programming	AGS Script=0
0	Ahrefs Site Explorer		onet:Web platform development software	Ahrefs Site Explorer=0
0	AIDL		linguist:programming	AIDL=0
0	AIMMS	Q4651947	wikidata:programming language	AIMMS=0|Advanced Interactive Multidimensional Modeling System=0
0	AirMagnet Enterprise		onet:Network monitoring software	AirMagnet Enterprise=0
0	Alef	Q1895587	wikidata:programming language	Alef=0
0	Aleo		linguist:programming	Aleo=0
0	Alfresco Software Alfresco		onet:Document management software	Alfresco Software Alfresco=0
0	ALGOL	Q188436	linguist:programming|wikidata:programming language	ALGOL=0|ALGO rithmic L anguage=0
0	ALGOL 58	Q1094499	wikidata:programming language	ALGOL 58=0|ALGOrithmic Language 1958=0
0	ALGOL 60	Q1209759	wikidata:programming language	ALGOL 60=0|ALGOrithmic Language 1960=0
0	ALGOL 68	Q2166735	wikidata:programming language	ALGOL 68=0|ALGOrithmic Language 1968=0
0	ALGOL W	Q1538458	wikidata:programming language	ALGOL W=0
0	Algorithmic language ALGOL		onet:Development environment software	Algorithmic language ALGOL=0
0	Alice	Q1136926	wikidata:programming language	Alice=0|Alice ML=0
0	Alice	Q1335388	wikidata:programming language	Alice=0
0	Allaire ColdFusion		onet:Web platform development software	Allaire ColdFusion=0
0	Allegro PCB Designer		onet:Computer aided design CAD software	Allegro PCB Designer=0
0	Allscripts healthcare automation		onet:Medical software	Allscripts healthcare automation=0
0	Allscripts Professional EHR		onet:Medical software	Allscripts Professional EHR=0
0	Allscripts Sunrise		onet:Medical software	Allscripts Sunrise=0
0	Alpha Four		onet:Data base management system software	Alpha Four=0
0	Alpine Abuild		linguist:programming	Alpine Abuild=0|abuild=0|apkbuild=0
0	Altair BASIC	Q286196	wikidata:programming language	Altair BASIC=0
0	Altera Hardware Description Language	Q292803	onet:Development environment software|wikidata:programming language	Altera Hardware Description Language=0|AHDL=0
0	Altia Design		onet:Graphical user interface development software	Altia Design=0
0	ALTRAN	Q4652452	wikidata:programming language	ALTRAN=0
0	Amazon Lumberyard	Q22949502	wikidata:software framework|wikidata:software library	Amazon Lumberyard=0|Lumberyard=0
0	Amiga Basic	Q426038	wikidata:programming language	Amiga Basic=0|AmigaBASIC=0
0	Amiga E	Q471181	wikidata:programming language	Amiga E=0
0	Amiga Unix	Q295179	wikidata:operating system	Amiga Unix=0|Amix=0|Commodore Amiga Unix=0
0	AmigaOS	Q380526	wikidata:operating system	AmigaOS=0
0	AmigaOS 4	Q3300674	wikidata:operating system	AmigaOS 4=0
0	Amkai AmkaiCharts		onet:Medical software	Amkai AmkaiCharts=0
0	AMS REALTIME Projects		onet:Project management software	AMS REALTIME Projects=0
0	AMS-LaTeX	Q295299	wikidata:software library	AMS-LaTeX=0|Ams-tex=0|Amslatex=0|Amsmath=0|Amstex=0
0	Analog Devices VisualDSP++		onet:Development environment software	Analog Devices VisualDSP++=0
0	ANDOS	Q1962569	wikidata:operating system	ANDOS=0
0	Android 1.1	Q23310067	wikidata:operating system	Android 1.1=0|Petit Four=0
0	Android 10	Q62059755	wikidata:operating system	Android 10=0|Android Queen Cake=0|Android Quince Tart=0|Queen Cake=0
0	Android 11	Q85684089	wikidata:operating system	Android 11=0
0	Android Cupcake	Q15621498	wikidata:operating system	Android Cupcake=0|Cupcake=0
0	Android Donut	Q20741039	wikidata:operating system	Android Donut=0
0	Android Eclair	Q15621504	wikidata:operating system	Android Eclair=0|Eclair=0|Android 2.0=0|Android 2.1=0
0	Android Froyo	Q22021703	wikidata:operating system	Android Froyo=0|Android 2.2=0|Froyo=0
0	Android Gingerbread	Q2846916	wikidata:operating system	Android Gingerbread=0|Gingerbread=0|Android 2.3 Gingerbread=0|Android 2.3.3=0|Android 2.3.7=0
0	Android Honeycomb	Q2846918	wikidata:operating system	Android Honeycomb=0|Android 3.0=0|Android 3.1=0|Android 3.2=0
0	Android Ice Cream Sandwich	Q2846919	wikidata:operating system	Android Ice Cream Sandwich=0|Ice Cream Sandwich=0
0	Android KitKat	Q2846920	wikidata:operating system	Android KitKat=0|Shahriar=0|KK=0|KitKat=0|Android Key Lime Pie=0
0	Android Lollipop	Q17305518	wikidata:operating system	Android Lollipop=0|Android 5.0=0
0	Android Marshmallow	Q19862344	wikidata:operating system	Android Marshmallow=0|Android 6.0=0|Android 6.0 Marshmallow=0|Android 6.0.1=0
0	Android Nougat	Q22274379	wikidata:operating system	Android Nougat=0|Nougat=0|Android 7.0=0
0	Android Oreo	Q29000531	wikidata:operating system	Android Oreo=0
0	Android XR	Q131436502	wikidata:operating system	Android XR=0
0	Android-x86	Q877084	wikidata:operating system	Android-x86=0
0	AngelScript	Q2366	linguist:programming|wikidata:programming language	AngelScript=0
0	Angoss KnowledgeSEEKER		onet:Data mining software	Angoss KnowledgeSEEKER=0
0	ANSI/ISO C Specification Language	Q4653031	onet:Development environment software	ANSI/ISO C Specification Language=0|ACSL=0|ACSL++=0|Advanced computer simulation language=0
0	Answer Set Programming		linguist:programming	Answer Set Programming=0
0	Ant Build System		linguist:data	Ant Build System=0
0	AnthillPro	Q4771790	onet:Development environment software	AnthillPro=0
0	Anti-Trojan		onet:Transaction security and virus protection software	Anti-Trojan=0
0	antiX	Q3618804	wikidata:operating system	antiX=0|Antix Linux=0
0	ANTLR		linguist:programming	ANTLR=0
0	Aonix Software Through Pictures		onet:Development environment software	Aonix Software Through Pictures=0
0	Apache Abdera	Q773121	wikidata:software library	Apache Abdera=0
0	Apache Accumulo	Q2822898	wikidata:DBMS	Apache Accumulo=0
0	Apache Batik	Q810829	wikidata:software library	Apache Batik=0|Batik=0
0	Apache Cayenne	Q773142	wikidata:software library	Apache Cayenne=0
0	Apache Cocoon	Q616663	wikidata:software framework|wikidata:software library|wikidata:web framework	Apache Cocoon=0
0	Apache Commons	Q616659	wikidata:software library	Apache Commons=0
0	Apache CXF	Q223449	wikidata:software framework|wikidata:software library	Apache CXF=0
0	Apache Derby	Q616706	wikidata:DBMS	Apache Derby=0|Cloudscape=0|IBM Cloudscape=0
0	Apache Gump	Q4778916	onet:Development environment software	Apache Gump=0|Gump=0
0	Apache Harmony	Q599731	wikidata:software library	Apache Harmony=0
0	Apache Jena	Q1686799	wikidata:software library	Apache Jena=0
0	Apache Mahout	Q4778931	onet:Expert system software|wikidata:software library	Apache Mahout=0|Mahout=0
0	Apache MyFaces	Q539347	wikidata:software framework|wikidata:software library|wikidata:web framework	Apache MyFaces=0
0	Apache OpenNLP	Q7095836	wikidata:software library	Apache OpenNLP=0|Open NLP=0|OpenNLP=0|OpenNLP Tools=0
0	Apache PDFBox	Q17512395	wikidata:software library	Apache PDFBox=0|PDFBox=0
0	Apache Phoenix	Q19646047	wikidata:DBMS	Apache Phoenix=0
0	Apache POI	Q616991	wikidata:software library	Apache POI=0
0	Apache Shale	Q773211	wikidata:software framework|wikidata:software library|wikidata:web framework	Apache Shale=0
0	Apache Shiro	Q773217	wikidata:software framework|wikidata:software library	Apache Shiro=0|Shiro=0
0	Apache Tapestry	Q617093	wikidata:software framework|wikidata:software library|wikidata:web framework	Apache Tapestry=0
0	Apache Wave	Q207656	wikidata:software framework|wikidata:software library	Apache Wave=0|Google Wave=0
0	Apache Wicket	Q617162	wikidata:software framework|wikidata:software library|wikidata:web framework	Apache Wicket=0
0	Apache Xalan	Q773240	wikidata:software library	Apache Xalan=0|Xalan C++=0|Xalan Java=0|LotusXSL=0|Xalan=0
0	Apache Xerces	Q629740	wikidata:software library	Apache Xerces=0|Xerces=0
0	ApacheConf		linguist:data	ApacheConf=0|aconf=0
0	Apatar		onet:Metadata management software	Apatar=0
0	API Blueprint		linguist:markup	API Blueprint=0
0	Apollo Guidance Computer		linguist:programming	Apollo Guidance Computer=0
0	Apple DOS	Q621234	wikidata:operating system	Apple DOS=0|Apple DOS 3.1=0|Apple DOS 3.2=0|Apple DOS 3.3=0|DOS 3.1=0|DOS 3.2=0|DOS 3.3=0|DOS 3.x=0
0	Apple GS/OS	Q352308	wikidata:operating system	Apple GS/OS=0|GS/OS=0
0	Apple HomeKit	Q45319394	wikidata:software framework|wikidata:software library	Apple HomeKit=0
0	Apple Pascal	Q178896	wikidata:operating system	Apple Pascal=0|Apple II Pascal=0
0	Apple ProDOS	Q621328	wikidata:operating system	Apple ProDOS=0|P8=0|P16=0|Apple ProDOS 16=0|Apple ProDOS 8=0|ProDOS=0
0	Apple SOS	Q352106	wikidata:operating system	Apple SOS=0|Apple Sophisticated Operating System=0|Sophisticated Operating System=0
0	AppleScript	Q129137	linguist:programming|onet:Operating system software|wikidata:programming language	AppleScript=0|apples=0|osascript=0
0	Applesoft BASIC	Q621556	wikidata:programming language	Applesoft BASIC=0|badgear NT POINT BREAK=0
0	Application-specific integrated circuit ASIC logic synthesis		onet:Analytical or scientific software	Application-specific integrated circuit ASIC logic synthesis=0
0	ArabTeX	Q623620	wikidata:software library	ArabTeX=0
0	ArcaOS	Q29342781	wikidata:operating system	ArcaOS=0
0	ArcEditor	Q4784989	onet:Geographic information system	ArcEditor=0
0	ArcGIS ArcPy		onet:Analytical or scientific software	ArcGIS ArcPy=0
0	ArcGIS Geostatistical Analyst		onet:Geographic information system	ArcGIS Geostatistical Analyst=0
0	ArcGIS Spatial Analyst		onet:Geographic information system	ArcGIS Spatial Analyst=0
0	ArcGIS Survey 123		onet:Analytical or scientific software	ArcGIS Survey 123=0
0	ArcIMS		onet:Geographic information system	ArcIMS=0
0	ArcInfo	Q2062851	onet:Geographic information system	ArcInfo=0|Arc/Info=0
0	ArcPad		onet:Geographic information system	ArcPad=0
0	ArcSight Enterprise Threat and Risk Management		onet:Risk management data and analysis software	ArcSight Enterprise Threat and Risk Management=0
0	ARexx	Q296959	wikidata:programming language	ARexx=0
0	Argus	Q3622471	wikidata:programming language	Argus=0
0	Armbian Linux	Q25025335	wikidata:operating system	Armbian Linux=0|Armbian=0
0	Arping		onet:Network monitoring software	Arping=0
0	Artisan Studio		onet:Development environment software	Artisan Studio=0
0	Aruba Networks AirWave		onet:Administration software	Aruba Networks AirWave=0
0	Ascensio Systems TeamLab		onet:Project management software	Ascensio Systems TeamLab=0
0	AsciiDoc		linguist:prose	AsciiDoc=0
0	ASG Technologies ASG-Zeke		onet:Data base reporting software	ASG Technologies ASG-Zeke=0
0	asm.js	Q13496636	wikidata:programming language|wikidata:software framework|wikidata:software library|wikidata:web framework	asm.js=0
0	ASP.NET Razor	Q6840077	wikidata:software framework|wikidata:software library|wikidata:web framework	ASP.NET Razor=0
0	AspectC++	Q4807752	wikidata:programming language	AspectC++=0
0	AspectJ	Q735604	linguist:programming|wikidata:programming language	AspectJ=0
0	Assembla		onet:Project management software	Assembla=0
0	ASSET JTAG ScanWorks		onet:Analytical or scientific software	ASSET JTAG ScanWorks=0
0	Asset management administration		onet:Administration software	Asset management administration=0
0	Assistive Technology Service Provider Interface	Q742738	wikidata:software framework|wikidata:software library	Assistive Technology Service Provider Interface=0|AT-SPI=0|AT-SPI2=0|at-spi2-core=0|dbus core=0
0	Aster Data nCluster		onet:Clustering software	Aster Data nCluster=0
0	Asymptote	Q779317	linguist:programming|wikidata:programming language	Asymptote=0
0	Atari BASIC	Q753604	wikidata:programming language	Atari BASIC=0
0	Atari DOS	Q753609	wikidata:operating system	Atari DOS=0
0	Atari Microsoft BASIC	Q661979	wikidata:programming language	Atari Microsoft BASIC=0
0	AtheOS	Q754972	wikidata:operating system	AtheOS=0
0	ATLAS Transformation Language	Q667812	wikidata:programming language	ATLAS Transformation Language=0
0	ATPG		onet:Analytical or scientific software	ATPG=0|Automatic test program generation=0
0	AtTask		onet:Project management software	AtTask=0
0	AUCTeX	Q288555	wikidata:software library	AUCTeX=0
0	audioOS	Q62594685	wikidata:operating system	audioOS=0|HomePod Software=0
0	Augeas		linguist:programming	Augeas=0
0	Augmint		onet:Analytical or scientific software	Augmint=0
0	Aurora Engine	Q2716371	wikidata:software framework|wikidata:software library	Aurora Engine=0
0	autocode	Q4826226	wikidata:programming language	autocode=0
0	Autocoders		onet:Categorization or classification software	Autocoders=0
0	Autoconf	Q1336937	wikidata:software library	Autoconf=0
0	AutoHotkey	Q784816	linguist:programming|wikidata:programming language	AutoHotkey=0|AHK=0|Auto Hot Key=0|Auto Hotkey=0
0	AutoIt	Q784845	linguist:programming|wikidata:programming language	AutoIt=0|au3=0|AutoIt3=0|AutoItScript=0
0	AutoLISP	Q782397	wikidata:programming language	AutoLISP=0
0	Automated audit trail analysis		onet:Network monitoring software	Automated audit trail analysis=0
0	Automated document generation		onet:Development environment software	Automated document generation=0
0	Automated installation		onet:Configuration management software	Automated installation=0
0	Automated media tracking		onet:Network monitoring software	Automated media tracking=0
0	Automation Centre TrackerSuite.Net		onet:Project management software	Automation Centre TrackerSuite.Net=0
0	Autonomy iManage WorkSite		onet:Document management software	Autonomy iManage WorkSite=0
0	Avaya Identity Engines		onet:Access software	Avaya Identity Engines=0
0	AVLinux	Q4655055	wikidata:operating system	AVLinux=0|AV Linux on russian=0
0	Avro IDL		linguist:data	Avro IDL=0
0	Axure RP	Q4034651	onet:Web page creation and editing software	Axure RP=0
0	B (Formal Method)		linguist:programming	B (Formal Method)=0
0	B&W Port Scanner		onet:Network monitoring software	B&W Port Scanner=0
0	B-Method		onet:Development environment software	B-Method=0
0	B4X	Q25111997	linguist:programming|wikidata:programming language	B4X=0|basic for android=0
0	Bada	Q242157	wikidata:operating system	Bada=0
0	Ballerina	Q51160183	linguist:programming|wikidata:programming language	Ballerina=0
0	Balsamiq Studios Balsamiq Mockups		onet:Graphics or photo imaging software	Balsamiq Studios Balsamiq Mockups=0
0	BAML		linguist:programming	BAML=0
0	Banyan VINES	Q731220	wikidata:operating system	Banyan VINES=0
0	Bare Bones Software BBEdit		onet:Data base management system software	Bare Bones Software BBEdit=0
0	Barrelfish	Q808858	wikidata:operating system	Barrelfish=0
0	Base Class Library	Q606366	wikidata:software library	Base Class Library=0|BCL=0
0	BaseX	Q593065	wikidata:DBMS	BaseX=0
0	Basic4android	Q17085538	wikidata:programming language	Basic4android=0|B4A=0
0	Basis BBx VisualPRO/5		onet:Graphical user interface development software	Basis BBx VisualPRO/5=0
0	BBC BASIC	Q429801	wikidata:programming language	BBC BASIC=0
0	BBCode		linguist:markup	BBCode=0
0	BCPL	Q810009	wikidata:programming language	BCPL=0
0	BEA Tuxedo		onet:Transaction server software	BEA Tuxedo=0
0	Bean Scripting Framework	Q459869	wikidata:software library	Bean Scripting Framework=0|BSF=0|Apache BSF=0|Apache Commons BSF=0
0	Beautiful Soup	Q2893296	wikidata:software library	Beautiful Soup=0
0	Beef		linguist:programming	Beef=0
0	Befunge	Q814269	linguist:programming|wikidata:programming language	Befunge=0
0	BeIA	Q812801	wikidata:operating system	BeIA=0|BeOS for Internet Appliances=0
0	Bentley MicroStation		onet:Computer aided design CAD software	Bentley MicroStation=0
0	Bentley Systems ProjectWise		onet:Project management software	Bentley Systems ProjectWise=0
0	BeOS	Q62563	wikidata:operating system	BeOS=0
0	Berkeley DB	Q820854	wikidata:DBMS|wikidata:software library	Berkeley DB=0|BDB=0
0	Berkeley Internet Domain Name BIND		onet:Internet directory services software	Berkeley Internet Domain Name BIND=0
0	BESYS	Q1152431	wikidata:operating system	BESYS=0|Bell Operating System=0
0	BibTeX		linguist:markup	BibTeX=0
0	BibTeX Style		linguist:programming	BibTeX Style=0
0	Big Data Integration		onet:Data base management system software	Big Data Integration=0
0	BigBrother		onet:Network monitoring software	BigBrother=0
0	Bigloo Scheme		onet:Development environment software	Bigloo Scheme=0
0	Bikeshed		linguist:markup	Bikeshed=0
0	Bing for Power BI		onet:Data mining software	Bing for Power BI=0
0	Biopython	Q4118434	wikidata:software library	Biopython=0
0	BitWizard B.V. mtr		onet:Network monitoring software	BitWizard B.V. mtr=0
0	Bizmatics PrognoCIS EMR		onet:Medical software	Bizmatics PrognoCIS EMR=0
0	Blackbaud The Raiser's Edge		onet:Customer relationship management CRM software	Blackbaud The Raiser's Edge=0
0	BlackBerry 10	Q879989	wikidata:operating system	BlackBerry 10=0|BB10=0|BlackBerry BBX=0
0	BlackBerry OS	Q880016	wikidata:operating system	BlackBerry OS=0
0	BlackBerry Tablet OS	Q2160367	wikidata:operating system	BlackBerry Tablet OS=0
0	Blend4Web	Q20639404	wikidata:software framework|wikidata:software library|wikidata:web framework	Blend4Web=0
0	Blender Game Engine	Q2536408	wikidata:software framework|wikidata:software library	Blender Game Engine=0|UPBGE=0
0	BLISS	Q2877155	wikidata:programming language	BLISS=0
0	Blockly	Q18202981	wikidata:programming language|wikidata:software library	Blockly=0|Google Blockly=0
0	Blue Coat Data Loss Prevention		onet:Network monitoring software	Blue Coat Data Loss Prevention=0
0	Bluespec		linguist:programming	Bluespec=0|bluespec bsv=0|bsv=0
0	BlueSpice	Q885586	wikidata:software framework|wikidata:software library	BlueSpice=0
0	Boo	Q892948	linguist:programming|wikidata:programming language	Boo=0
0	Boogie		linguist:programming	Boogie=0
0	Boomerang	Q4943501	wikidata:programming language	Boomerang=0
0	Borland Graphics Interface	Q975303	wikidata:software library	Borland Graphics Interface=0|BGI=0
0	Borland SilkTest		onet:Program testing software	Borland SilkTest=0
0	Borland VisiBroker		onet:Development environment software	Borland VisiBroker=0
0	Boundary scan insertion		onet:Analytical or scientific software	Boundary scan insertion=0
0	Box2D	Q2579122	wikidata:software framework|wikidata:software library	Box2D=0
0	BPM Blueprint		onet:Enterprise resource planning ERP software	BPM Blueprint=0
0	BQN		linguist:programming	BQN=0
0	Brainfuck	Q244627	linguist:programming|wikidata:programming language	Brainfuck=0|BF=0|b****fuck=0|Brainf***=0|brainf**k=0|Brainf*ck=0|brainfsck=0|branflakes=0
0	BrightEdge		onet:Business intelligence and data analysis software	BrightEdge=0
0	BrighterScript		linguist:programming	BrighterScript=0
0	BrightWork pmPoint		onet:Project management software	BrightWork pmPoint=0
0	BroadVision		onet:Web platform development software	BroadVision=0
0	Browserslist		linguist:data	Browserslist=0
0	Bru		linguist:markup	Bru=0
0	BS2000	Q338229	wikidata:operating system	BS2000=0|BS2000/OSD=0
0	BSD/OS	Q336773	wikidata:operating system	BSD/OS=0|BSD/386=0|BSDi=0
0	BSDL		onet:Development environment software	BSDL=0|Boundary scan description language=0
0	BTEQ		onet:Data base user interface and query software	BTEQ=0
0	Btrieve	Q2557643	wikidata:DBMS	Btrieve=0
0	Built-in self-test BIST debugging		onet:Analytical or scientific software	Built-in self-test BIST debugging=0
0	Burroughs MCP	Q1326534	wikidata:operating system	Burroughs MCP=0|Master Control Program=0|Unisys MCP=0
0	Business Information Services Library	Q2900734	wikidata:software framework|wikidata:software library	Business Information Services Library=0|BiSL=0|Business Information Service Management Library=0
0	Business Intelligence Discoverer		onet:Data base reporting software	Business Intelligence Discoverer=0
0	Business Intelligence Suite		onet:Data base reporting software	Business Intelligence Suite=0
0	Business intelligence system		onet:Business intelligence and data analysis software	Business intelligence system=0
0	Business Objects Data Integrator		onet:Development environment software	Business Objects Data Integrator=0
0	Business software applications		onet:Office suite software	Business software applications=0
0	BusinessObjects Crystal Reports		onet:Data base reporting software	BusinessObjects Crystal Reports=0
0	BusinessObjects Data Integrator		onet:Enterprise application integration software	BusinessObjects Data Integrator=0
0	BusinessObjects Desktop Intelligence		onet:Data base user interface and query software	BusinessObjects Desktop Intelligence=0
0	C for Graphics cg		onet:Development environment software	C for Graphics cg=0
0	C++ Standard Library	Q1022270	wikidata:software library	C++ Standard Library=0
0	C++/CX	Q197708	wikidata:programming language	C++/CX=0|C++ component extensions=0
0	C-ObjDump		linguist:data	C-ObjDump=0
0	C/AL	Q1926221	wikidata:programming language	C/AL=0
0	C2hs Haskell		linguist:programming	C2hs Haskell=0|c2hs=0
0	Cabal Config		linguist:data	Cabal Config=0|Cabal=0
0	Cabinet NG CNG-SAFE		onet:Document management software	Cabinet NG CNG-SAFE=0
0	CAINE Linux	Q20013688	wikidata:operating system	CAINE Linux=0|CAINE=0|Computer Aided INvestigative Environment=0
0	Cairo		linguist:programming	Cairo=0
0	Cairo	Q1148740	wikidata:operating system	Cairo=0|Microsoft Cairo=0|Microsoft Windows Cairo=0|Windows Cairo=0
0	Cairo Zero		linguist:programming	Cairo Zero=0
0	Caldera OpenLinux	Q5019035	wikidata:operating system	Caldera OpenLinux=0
0	Calendar and scheduling		onet:Calendar and scheduling software	Calendar and scheduling=0
0	Call accounting		onet:Helpdesk or call center software	Call accounting=0
0	Call-processing language CPL		onet:Development environment software	Call-processing language CPL=0
0	CameLIGO		linguist:programming	CameLIGO=0
0	Caml	Q1118153	onet:Object or component oriented development software|wikidata:programming language	Caml=0|Categorical Abstract Machine Language=0|Collaborative Application Markup Language=0
0	Cangjie		linguist:programming	Cangjie=0
0	Canu		onet:Development environment software	Canu=0
0	CAPSYS Capture		onet:Analytical or scientific software	CAPSYS Capture=0
0	Captiva		onet:Analytical or scientific software	Captiva=0
0	Captive NTFS	Q1035166	wikidata:software library	Captive NTFS=0
0	CASE tools		onet:Object or component oriented development software	CASE tools=0|Computer aided software engineering tools=0
0	CAST SQL Builder		onet:Data base management system software	CAST SQL Builder=0
0	Catalog navigation		onet:Data base management system software	Catalog navigation=0
0	Catrobat	Q45341807	wikidata:programming language	Catrobat=0|Catroid=0|Pocket Code=0
0	CDA International Manifold System		onet:Map creation software	CDA International Manifold System=0
0	Central Desktop		onet:Project management software	Central Desktop=0
0	Cerner Millennium		onet:Medical software	Cerner Millennium=0
0	Cerner PowerChart		onet:Medical software	Cerner PowerChart=0
0	Ceylon	Q93482	linguist:programming|wikidata:programming language	Ceylon=0|Eclipse Ceylon=0
0	Cg	Q1024657	wikidata:programming language	Cg=0|C for Graphics=0
0	Chainer	Q34978225	wikidata:software framework|wikidata:software library	Chainer=0
0	Charm++	Q1067540	onet:Object or component oriented development software|wikidata:programming language	Charm++=0
0	ChartWare EMR		onet:Medical software	ChartWare EMR=0
0	CherryPy	Q2635182	wikidata:software framework|wikidata:software library|wikidata:web framework	CherryPy=0
0	ChibiOS/RT	Q1603924	wikidata:operating system	ChibiOS/RT=0
0	CHILL	Q642207	wikidata:programming language	CHILL=0|CCITT High Level Language=0
0	Chinese Character Code for Information Interchange	Q1073697	wikidata:software framework|wikidata:software library	Chinese Character Code for Information Interchange=0|CCCII=0
0	CHIP-8	Q1023623	wikidata:programming language	CHIP-8=0
0	Chipmunk Basic	Q2858104	wikidata:programming language	Chipmunk Basic=0
0	ChorusOS	Q670316	wikidata:operating system	ChorusOS=0
0	Chrome Engine	Q2497805	wikidata:software framework|wikidata:software library	Chrome Engine=0
0	Cilk	Q2569373	wikidata:programming language	Cilk=0|Cilk++=0|Cilk Plus=0
0	Circom		linguist:programming	Circom=0
0	Cirru		linguist:programming	Cirru=0
0	ClanLib	Q1094900	wikidata:software library	ClanLib=0
0	Clarified Networks Clarified Analyzer		onet:Network monitoring software	Clarified Networks Clarified Analyzer=0
0	Clarion	Q1095608	linguist:programming|wikidata:programming language	Clarion=0
0	Clarity Systems Clarity		onet:Enterprise resource planning ERP software	Clarity Systems Clarity=0
0	Clarity Systems IBM Clarity		onet:Enterprise resource planning ERP software	Clarity Systems IBM Clarity=0
0	Clarizen		onet:Project management software	Clarizen=0
0	Classic Mac OS	Q13522376	wikidata:operating system	Classic Mac OS=0|Classic MacOS=0|Mac OS Classic=0|Macintosh OS Classic=0|MacOS Classic=0|old Mac OS=0|Macintosh System Software=0
0	Clausewitz Engine	Q13218581	wikidata:software framework|wikidata:software library	Clausewitz Engine=0
0	Clearlooks	Q970061	wikidata:GUI toolkit|wikidata:software library	Clearlooks=0
0	ClearTrial		onet:Data base user interface and query software	ClearTrial=0
0	CLISP	Q581256	wikidata:programming language	CLISP=0|GNU clisp=0
0	Cloud Firestore Security Rules		linguist:data	Cloud Firestore Security Rules=0
0	Cloudera Impala	Q16043862	onet:Data base user interface and query software	Cloudera Impala=0|Apache Impala=0
0	CloverETL		onet:Development environment software	CloverETL=0
0	CLU	Q775159	wikidata:programming language	CLU=0
0	Clue		linguist:programming	Clue=0
0	Cluster server		onet:Clustering software	Cluster server=0
0	Clustermatic		onet:Clustering software	Clustermatic=0
0	CMU Common Lisp	Q1023897	wikidata:programming language	CMU Common Lisp=0|CMUCL=0
0	CNS 11643	Q573121	wikidata:software framework|wikidata:software library	CNS 11643=0
0	Code generator		onet:Compiler and decompiler software	Code generator=0
0	Code munger		onet:Development environment software	Code munger=0
0	code page 437	Q1105757	wikidata:software framework|wikidata:software library	code page 437=0|CP437=0
0	code page 850	Q1105754	wikidata:software framework|wikidata:software library	code page 850=0|CP850=0
0	Code page 852	Q1078500	wikidata:software framework|wikidata:software library	Code page 852=0|CP852=0
0	Code page 855	Q1105751	wikidata:software framework|wikidata:software library	Code page 855=0|CP855=0
0	code page 866	Q1105775	wikidata:software framework|wikidata:software library	code page 866=0|CP866=0|DOS Cyrillic Russian=0|IBM866=0
0	Code page 932	Q837869	wikidata:software framework|wikidata:software library	Code page 932=0|MS_Kanji=0|CP932=0|CP943C=0|IBM-943=0|ibm-943_P15A-2003=0|MS932=0|shift_jis=0|Windows-31J=0|Windows-932=0
0	Code profilers		onet:Program testing software	Code profilers=0
0	CodeFutures dbShards		onet:Data base management system software	CodeFutures dbShards=0
0	CoffeeCup The HTML Editor		onet:Web page creation and editing software	CoffeeCup The HTML Editor=0
0	Coglin Mill RODIN		onet:Metadata management software	Coglin Mill RODIN=0
0	Cognos Business Intelligence		onet:Business intelligence and data analysis software|onet:Data mining software	Cognos Business Intelligence=0
0	Cognos Impromptu		onet:Business intelligence and data analysis software	Cognos Impromptu=0
0	Colasoft Capsa Enterprise		onet:Network monitoring software	Colasoft Capsa Enterprise=0
0	Colasoft Capsa Free		onet:Network monitoring software	Colasoft Capsa Free=0
0	ColdFusion Markup Language	Q2524362	wikidata:programming language	ColdFusion Markup Language=0|CFML=0
0	Collaborative ALM		onet:Enterprise resource planning ERP software	Collaborative ALM=0|Collaborative application lifecycle management=0
0	COLLADA		linguist:data	COLLADA=0
0	COMAL	Q1023991	wikidata:programming language	COMAL=0
0	Command interpreters		onet:Compiler and decompiler software	Command interpreters=0
0	Commerce Server		onet:Web platform development software	Commerce Server=0
0	Commodore BASIC	Q337272	wikidata:programming language	Commodore BASIC=0|CBM-BASIC=0|PET Basic=0
0	Common business oriented language COBOL		onet:Development environment software	Common business oriented language COBOL=0
0	Compaq Insight Manager		onet:Network monitoring software	Compaq Insight Manager=0
0	Compatible Time-Sharing System	Q1121396	wikidata:operating system	Compatible Time-Sharing System=0|CTSS=0
0	Complementary-symmetry/metal-oxide semiconductor CMOS layout		onet:Computer aided design CAD software	Complementary-symmetry/metal-oxide semiconductor CMOS layout=0
0	Component Pascal	Q1121719	linguist:programming|wikidata:programming language	Component Pascal=0
0	Component-based Scalable Logical Architecture	Q5156683	onet:Object or component oriented development software	Component-based Scalable Logical Architecture=0|CSLA=0
0	Computer aided design and drafting CADD		onet:Computer aided design CAD software	Computer aided design and drafting CADD=0
0	Computer aided design and drafting software CADD		onet:Computer aided design CAD software	Computer aided design and drafting software CADD=0
0	Computer Associates ArcServ Backup		onet:Backup or archival software	Computer Associates ArcServ Backup=0
0	Computer Associates Log Analyzer		onet:Program testing software	Computer Associates Log Analyzer=0
0	Computer based training		onet:Computer based training software	Computer based training=0
0	Computer diagnostic		onet:Analytical or scientific software	Computer diagnostic=0
0	Computer intrusion detection systems		onet:Network security or virtual private network VPN management software	Computer intrusion detection systems=0
0	Computer simulation		onet:Analytical or scientific software	Computer simulation=0
0	Computer system diagnostics		onet:Program testing software	Computer system diagnostics=0
0	Computhink ViewWise		onet:Document management software	Computhink ViewWise=0
0	Compuware ClientVantage Agentless Monitoring		onet:Network monitoring software	Compuware ClientVantage Agentless Monitoring=0
0	Conarc iChannel		onet:Document management software	Conarc iChannel=0
0	Concurrent Versions Systems		onet:File versioning software	Concurrent Versions Systems=0
0	Conductor Searchlight		onet:Business intelligence and data analysis software	Conductor Searchlight=0
0	Conformance and validation testing		onet:Program testing software	Conformance and validation testing=0
0	Congruity Technologies Inspector		onet:Network monitoring software	Congruity Technologies Inspector=0
0	CoNLL-U		linguist:data	CoNLL-U=0|CoNLL=0|CoNLL-X=0
0	Content filter		onet:Network security and virtual private network VPN equipment software	Content filter=0
0	ContextMiner		onet:Data mining software	ContextMiner=0
0	Cooklang		linguist:markup	Cooklang=0
0	Coordinate geometry COGO		onet:Analytical or scientific software	Coordinate geometry COGO=0
0	Copland	Q1131259	wikidata:operating system	Copland=0
0	Corel CorelDraw Graphics Suite		onet:Graphics or photo imaging software	Corel CorelDraw Graphics Suite=0
0	Corporation PowerCenter		onet:Enterprise resource planning ERP software|onet:Metadata management software	Corporation PowerCenter=0
0	Corrections housing		onet:Data base management system software	Corrections housing=0
0	Cosmoe	Q904298	wikidata:operating system	Cosmoe=0|Compatible Open-Source Multi Operating-system Environment=0
0	Cost estimating		onet:Financial analysis software	Cost estimating=0
0	Countersoft Gemini		onet:Project management software	Countersoft Gemini=0
0	Coyote Linux	Q1204934	wikidata:operating system	Coyote Linux=0
0	CP/M	Q219528	wikidata:operating system	CP/M=0|Control Program for Microcomputers=0|Control Program/Monitor=0
0	CP/M-86	Q2706791	wikidata:operating system	CP/M-86=0
0	CPOE		onet:Medical software	CPOE=0|Computerized physician order entry=0
0	Cpp-ObjDump		linguist:data	Cpp-ObjDump=0|c++-objdump=0
0	Creole		linguist:prose	Creole=0
0	CrossTec NetOp Remote Control		onet:Desktop communications software	CrossTec NetOp Remote Control=0
0	CruiseControl	Q444044	onet:Development environment software	CruiseControl=0
0	CryEngine 2	Q1064234	wikidata:software framework|wikidata:software library	CryEngine 2=0
0	CryEngine 3	Q2347849	wikidata:software framework|wikidata:software library	CryEngine 3=0
0	Crystal Space	Q1142409	wikidata:software framework|wikidata:software library	Crystal Space=0
0	Crystal Tools	Q1142416	wikidata:software framework|wikidata:software library	Crystal Tools=0
0	Crytek CryEngine		onet:Development environment software	Crytek CryEngine=0
0	CS Odessa ConceptDraw Project		onet:Project management software	CS Odessa ConceptDraw Project=0
0	CSON		linguist:data	CSON=0
0	Csound	Q259347	linguist:programming|wikidata:programming language	Csound=0|csound-orc=0
0	Csound Document		linguist:programming	Csound Document=0|csound-csd=0
0	Csound Score		linguist:programming	Csound Score=0|csound-sco=0
0	CUBRID	Q484935	wikidata:DBMS	CUBRID=0
0	Cue Sheet		linguist:data	Cue Sheet=0
0	cURL Config		linguist:data	cURL Config=0|curlrc=0
0	Curry	Q2368856	linguist:programming|wikidata:programming language	Curry=0
0	curses	Q290253	wikidata:GUI toolkit|wikidata:software library	curses=0
0	CWeb		linguist:programming	CWeb=0
0	CycL	Q3890214	wikidata:programming language	CycL=0
0	Cycript		linguist:programming	Cycript=0
0	Cygwin	Q216192	onet:Operating system software|wikidata:software framework|wikidata:software library	Cygwin=0
0	Cylc		linguist:data	Cylc=0
0	Cytel Software XLMiner		onet:Data mining software	Cytel Software XLMiner=0
0	D-ObjDump		linguist:data	D-ObjDump=0
0	D2		linguist:markup	D2=0|d2lang=0
0	Dafny	Q48989398	linguist:programming|wikidata:programming language	Dafny=0
0	Daptiv PPM		onet:Data base user interface and query software	Daptiv PPM=0
0	Darcs Patch		linguist:data	Darcs Patch=0|dpatch=0
0	Dark Engine	Q736363	wikidata:software framework|wikidata:software library	Dark Engine=0
0	DarkBASIC	Q278791	wikidata:programming language	DarkBASIC=0
0	DarkPlaces	Q838299	wikidata:software framework|wikidata:software library	DarkPlaces=0
0	Dartmouth BASIC	Q2251017	wikidata:programming language	Dartmouth BASIC=0
0	Dartmouth Time Sharing System	Q4348530	wikidata:operating system	Dartmouth Time Sharing System=0|DTSS=0
0	Dartware InterMapper		onet:Network monitoring software	Dartware InterMapper=0
0	Daslang		linguist:programming	Daslang=0
0	Dassault Systemes CATIA		onet:Computer aided design CAD software	Dassault Systemes CATIA=0
0	Dassault Systemes SolidWorks		onet:Computer aided design CAD software	Dassault Systemes SolidWorks=0
0	Data Integration Server		onet:Metadata management software	Data Integration Server=0
0	Data Integration Studio		onet:Enterprise application integration software	Data Integration Studio=0
0	Data Language Interface	Q2299300	wikidata:programming language	Data Language Interface=0|Data Language/I=0|Data Language/One=0|DL/I=0
0	Data Recovery Software SQL Server Data Recovery		onet:Backup or archival software	Data Recovery Software SQL Server Data Recovery=0
0	Data Transfer Project	Q55696286	wikidata:software framework|wikidata:software library	Data Transfer Project=0|DTP=0
0	Database management system DBMS		onet:Object oriented data base management software	Database management system DBMS=0
0	DataFlex	Q2391203	wikidata:programming language	DataFlex=0
0	Datalog	Q1172264	wikidata:programming language	Datalog=0
0	DataProtector		onet:Backup or archival software	DataProtector=0
0	DataSwell		onet:Business intelligence and data analysis software	DataSwell=0
0	DataVision		onet:Data base reporting software	DataVision=0
0	Datawatch Monarch		onet:Data mining software	Datawatch Monarch=0
0	Day Software CQ5 Web Content Management		onet:Document management software	Day Software CQ5 Web Content Management=0
0	DB Tech RAS		onet:Document management software	DB Tech RAS=0
0	db4o	Q285745	wikidata:DBMS	db4o=0|db4objects=0
0	dBase	Q300971	onet:Data base user interface and query software|wikidata:DBMS	dBase=0
0	dBASE Plus		onet:Data base user interface and query software	dBASE Plus=0
0	DBTools Software DBManager Professional		onet:Data base management system software	DBTools Software DBManager Professional=0
0	Debian Package Control File		linguist:data	Debian Package Control File=0
0	Decibel	Q1181833	wikidata:software framework|wikidata:software library	Decibel=0
0	Decima	Q27954518	wikidata:software framework|wikidata:software library	Decima=0|Dejima=0
0	Deeplearning4j	Q18206387	wikidata:software library	Deeplearning4j=0|DL4J=0
0	Delphi Technology		onet:Financial analysis software	Delphi Technology=0
0	Delta3D	Q4037171	wikidata:software framework|wikidata:software library	Delta3D=0
0	DenizenScript		linguist:programming	DenizenScript=0
0	Design Compiler		onet:Analytical or scientific software	Design Compiler=0
0	Design-for-testability DFT insertion		onet:Analytical or scientific software	Design-for-testability DFT insertion=0
0	Desktop partitioning		onet:Filesystem software	Desktop partitioning=0
0	DesktopBSD	Q1052272	wikidata:operating system	DesktopBSD=0
0	DevIL	Q1206610	wikidata:software library	DevIL=0
0	DFT analysis		onet:Analytical or scientific software	DFT analysis=0|Discrete Fourier transform analysis=0
0	Dhall		linguist:programming	Dhall=0
0	Diameter		onet:Authentication server software	Diameter=0
0	dietlibc	Q285749	wikidata:software library	dietlibc=0
0	Digital Crew Teamwork Project Manager		onet:Project management software	Digital Crew Teamwork Project Manager=0
0	Digital Equipment Corporation DIGITAL Fortran 90		onet:Development environment software	Digital Equipment Corporation DIGITAL Fortran 90=0
0	dircolors		linguist:data	dircolors=0
0	DirectX 3D File		linguist:data	DirectX 3D File=0
0	Disarea 5pm		onet:Project management software	Disarea 5pm=0
0	Distributed Component Object Model	Q906328	onet:Object or component oriented development software|wikidata:software framework|wikidata:software library	Distributed Component Object Model=0|DCOM=0|Network OLE=0
0	Distributed database management		onet:Data base management system software	Distributed database management=0
0	DNS Zone		linguist:data	DNS Zone=0
0	Doc.It DM		onet:Document management software	Doc.It DM=0
0	Dockerfile		linguist:programming	Dockerfile=0|Containerfile=0
0	Document imaging		onet:Document management software	Document imaging=0
0	Document indexing		onet:Document management software	Document indexing=0
0	Document Sciences xPression		onet:Document management software	Document Sciences xPression=0
0	Documentum		onet:Document management software	Documentum=0
0	DocuSign eSignature		onet:Document management software	DocuSign eSignature=0
0	Dogescript		linguist:programming	Dogescript=0
0	DokuWiki	Q851864	wikidata:software framework|wikidata:software library	DokuWiki=0
0	DOM Scripting		onet:Object or component oriented development software	DOM Scripting=0|Document Object Model Scripting=0
0	DOS shell script		onet:Operating system software	DOS shell script=0
0	Dotenv		linguist:data	Dotenv=0
0	dotProject	Q288446	onet:Project management software	dotProject=0
0	DoubleClick		onet:Business intelligence and data analysis software	DoubleClick=0
0	DR-DOS	Q1046873	wikidata:operating system	DR-DOS=0|Digital Research Disk Operating System=0|Digital Research DOS=0|Novell DOS 7=0
0	Dracula	Q110147190	onet:Analytical or scientific software	Dracula=0
0	DRAKON	Q2671999	wikidata:programming language	DRAKON=0
0	Drug coding		onet:Categorization or classification software	Drug coding=0
0	DSSI	Q1155742	wikidata:software library	DSSI=0
0	Dunia	Q113073	wikidata:software framework|wikidata:software library	Dunia=0|Dunia Engine=0
0	DX Studio	Q788416	onet:Development environment software	DX Studio=0
0	Dynamic hypertext markup language DHTML		onet:Web platform development software	Dynamic hypertext markup language DHTML=0
0	Dynamic Kernel Module Support	Q1246922	wikidata:software framework|wikidata:software library	Dynamic Kernel Module Support=0|DKMS=0|Dynamic Kernel Module System=0
0	Dynamics GP		onet:Enterprise resource planning ERP software	Dynamics GP=0
0	Dynix	Q1973127	wikidata:operating system	Dynix=0
0	DZS Software Solutions ClinPlus		onet:Data base user interface and query software	DZS Software Solutions ClinPlus=0
0	E++ pattern language		onet:Object or component oriented development software	E++ pattern language=0
0	E-Business Suite Financials		onet:Financial analysis software	E-Business Suite Financials=0
0	e-MDs		onet:Medical software	e-MDs=0
0	Earth Pro		onet:Geographic information system	Earth Pro=0
0	Earthly		linguist:programming	Earthly=0|Earthfile=0
0	Easybuild		linguist:data	Easybuild=0
0	easyCIS		onet:Development environment software	easyCIS=0
0	Easytrieve Report Generator		onet:Manufacturing execution system MES software	Easytrieve Report Generator=0
0	Ecere Projects		linguist:data	Ecere Projects=0
0	eClinicalWorks EHR		onet:Medical software	eClinicalWorks EHR=0
0	Eclipse Sirius	Q19442328	wikidata:software framework|wikidata:software library	Eclipse Sirius=0
0	Ecmarkup		linguist:markup	Ecmarkup=0|ecmarkdown=0
0	EdgeQL		linguist:programming	EdgeQL=0|esdl=0
0	Edgewell Trac		onet:Data base user interface and query software	Edgewell Trac=0
0	Edje Data Collection		linguist:data	Edje Data Collection=0
0	edn		linguist:data	edn=0
0	Edulastic		onet:Computer based training software	Edulastic=0
0	EGL	Q464338	wikidata:programming language	EGL=0|Enterprise Generation Language=0
0	eGrabber ListGrabber		onet:Data mining software	eGrabber ListGrabber=0
0	Eiffel		linguist:programming|onet:Object or component oriented development software	Eiffel=0
0	ej-technologies JProfiler		onet:Program testing software	ej-technologies JProfiler=0
0	Eko		onet:Desktop communications software	Eko=0
0	Elastix	Q2613117	wikidata:operating system	Elastix=0
0	Electric Fence	Q2372398	wikidata:software library	Electric Fence=0
0	ElectricCloud ElectricCommander		onet:Development environment software	ElectricCloud ElectricCommander=0
0	Electronic medical administration record eMAR		onet:Medical software	Electronic medical administration record eMAR=0
0	Element OS	Q5358836	wikidata:operating system	Element OS=0
0	Element Software Copper		onet:Project management software	Element Software Copper=0
0	ELKI	Q591518	wikidata:software framework|wikidata:software library	ELKI=0|Environment for DeveLoping KDD-Applications Supported by Index-Structures=0
0	Ellucian Banner ERP		onet:Enterprise resource planning ERP software	Ellucian Banner ERP=0
0	Elvish		linguist:programming	Elvish=0
0	Elvish Transcript		linguist:programming	Elvish Transcript=0
0	Embeddable Linux Kernel Subset	Q1331667	wikidata:operating system	Embeddable Linux Kernel Subset=0|ELKS=0
0	Embedded GLIBC	Q1040891	wikidata:software library	Embedded GLIBC=0|EGLIBC=0
0	EmberScript		linguist:programming	EmberScript=0
0	Emerald Software Group Emerald Green Office		onet:Content workflow software	Emerald Software Group Emerald Green Office=0
0	EMUI	Q4040805	wikidata:operating system	EMUI=0|Huawei EMUI=0
0	Encoded archival system EAD		onet:Development environment software	Encoded archival system EAD=0
0	Encounter RTL Compiler		onet:Compiler and decompiler software	Encounter RTL Compiler=0
0	Endeavour Agile ALM		onet:Project management software	Endeavour Agile ALM=0
0	Enlightenment Foundation Libraries	Q537880	wikidata:GUI toolkit|wikidata:software library	Enlightenment Foundation Libraries=0
0	Enterprise Manager Cloud Control		onet:Data base management system software	Enterprise Manager Cloud Control=0
0	Enterprise Security Manager		onet:Risk management data and analysis software	Enterprise Security Manager=0
0	ePharmaSolutions eMVR		onet:Data base user interface and query software	ePharmaSolutions eMVR=0
0	Epic Systems		onet:Medical software	Epic Systems=0
0	EpicCare Ambulatory Electronic Medical Records (EMR)		onet:Medical software	EpicCare Ambulatory Electronic Medical Records (EMR)=0
0	Epson Standard Code for Printers	Q1275874	wikidata:programming language	Epson Standard Code for Printers=0|ESC/P=0|Escape/P=0
0	ER/Studio XE		onet:Metadata management software	ER/Studio XE=0
0	Erwin Data Modeler		onet:Metadata management software	Erwin Data Modeler=0
0	ESP SDK		onet:Development environment software	ESP SDK=0
0	Essence Engine	Q4038228	wikidata:software framework|wikidata:software library	Essence Engine=0
0	Esterel	Q486926	wikidata:programming language	Esterel=0
0	Ethereal		onet:Network monitoring software	Ethereal=0
0	Etoys	Q1044290	wikidata:programming language	Etoys=0
0	eTrust		onet:Transaction security and virus protection software	eTrust=0
0	Ettercap NG		onet:Network monitoring software	Ettercap NG=0
0	Euphoria		linguist:programming	Euphoria=0
0	Euphoria	Q1374139	wikidata:programming language	Euphoria=0|Robert Craig=0
0	Euphoria	Q1374149	wikidata:software framework|wikidata:software library	Euphoria=0|Euphoria engine=0|Euphoria game engine=0
0	European Health Data Space	Q116776707	wikidata:software framework|wikidata:software library	European Health Data Space=0|EHDS=0
0	Event log monitor		onet:Operating system software	Event log monitor=0
0	Event-driven State-machines Programming		onet:Development environment software	Event-driven State-machines Programming=0
0	Ever Team EverSuite Content Management		onet:Document management software	Ever Team EverSuite Content Management=0
0	Evernote	Q430526	onet:Word processing software	Evernote=0
0	Experience in Software Project KickStart		onet:Project management software	Experience in Software Project KickStart=0
0	extended Backus–Naur form	Q1165219	linguist:data|wikidata:programming language	EBNF=0
0	Extensible Application Markup Language (XAML)		onet:Development environment software	Extensible Application Markup Language (XAML)=0
0	eXtensible Business Reporting Language XBRL		onet:Development environment software	eXtensible Business Reporting Language XBRL=0
0	Extensible hypertext markup language XHTML		onet:Web platform development software	Extensible hypertext markup language XHTML=0
0	Extensible markup language XML		onet:Enterprise application integration software	Extensible markup language XML=0
0	Extensible stylesheet language transformations XSLT		onet:Web platform development software	Extensible stylesheet language transformations XSLT=0
0	Extensible stylesheet language XSL		onet:Enterprise application integration software	Extensible stylesheet language XSL=0
0	Fabasoft Folio		onet:Document management software	Fabasoft Folio=0
0	Fantom	Q2699404	linguist:programming|wikidata:programming language	Fantom=0
0	FastExport		onet:Document management software	FastExport=0
0	FastLoad		onet:Data mining software	FastLoad=0
0	Fault testing		onet:Program testing software	Fault testing=0
0	Feather Linux	Q2104205	wikidata:operating system	Feather Linux=0
0	Feng Office Collaboration Platform		onet:Data base user interface and query software	Feng Office Collaboration Platform=0
0	Fenix Project	Q2119351	wikidata:programming language	Fenix Project=0
0	Fennel		linguist:programming	Fennel=0
0	FFT analysis		onet:Analytical or scientific software	FFT analysis=0|Fast Fourier transform analysis=0
0	FFTPACK		onet:Development environment software	FFTPACK=0
0	FFTW	Q2251820	onet:Development environment software|wikidata:software library	FFTW=0|Fastest Fourier Transform in the West=0
0	FIGlet Font		linguist:data	FIGlet Font=0|FIGfont=0
0	File compression		onet:Data compression software	File compression=0
0	File server		onet:Filesystem software	File server=0
0	Filebench WML		linguist:programming	Filebench WML=0
0	FileHold Systems FileHold		onet:Document management software	FileHold Systems FileHold=0
0	FileMaker	Q832312	wikidata:DBMS	FileMaker=0
0	FileMaker Pro		onet:Data base user interface and query software	FileMaker Pro=0
0	FileMon		onet:Program testing software	FileMon=0
0	FileNet Content Manager		onet:Content workflow software	FileNet Content Manager=0
0	FileVision		onet:Document management software	FileVision=0
0	Filterscript		linguist:programming	Filterscript=0
0	Final Cut Pro	Q9587	onet:Video creation and editing software	Final Cut Pro=0
0	FinalBuilder		onet:Development environment software	FinalBuilder=0
0	Firebird	Q261744	wikidata:DBMS	Firebird=0
0	FIRRTL		linguist:programming	FIRRTL=0
0	Fiwix	Q720930	wikidata:operating system	Fiwix=0
0	Fjölnir	Q3481158	wikidata:programming language	Fjoelnir=0|Fjolnir=0
0	Flat File Checker		onet:Metadata management software	Flat File Checker=0
0	FlexOS	Q2560413	wikidata:operating system	FlexOS=0
0	Flipgrid		onet:Video creation and editing software	Flipgrid=0
0	Flow chart		onet:Process mapping and design software	Flow chart=0
0	FLOW-MATIC	Q1389173	wikidata:programming language	FLOW-MATIC=0|B-0=0|Business Language version 0=0
0	Flowgorithm	Q18207148	wikidata:programming language	Flowgorithm=0
0	FLTK	Q1331203	wikidata:GUI toolkit|wikidata:software library	FLTK=0|Fast Light Toolkit=0
0	Fluke Networks Enterprise LANMeter		onet:Network monitoring software	Fluke Networks Enterprise LANMeter=0
0	FMOD	Q913522	wikidata:software framework|wikidata:software library	FMOD=0
0	Fog Creek Software FogBugz		onet:Development environment software	Fog Creek Software FogBugz=0
0	Foglight		onet:Network monitoring software	Foglight=0
0	FOLLOW code		onet:Development environment software	FOLLOW code=0
0	Font Awesome	Q19571791	wikidata:software library	Font Awesome=0
0	Forefront Identify Manager		onet:Authentication server software	Forefront Identify Manager=0
0	Forgelight Engine	Q5469616	wikidata:software framework|wikidata:software library	Forgelight Engine=0
0	FORMAC	Q5426889	wikidata:programming language	FORMAC=0
0	Formula translation/translator FORTRAN		onet:Development environment software	Formula translation/translator FORTRAN=0
0	Fortran Free Form		linguist:programming	Fortran Free Form=0
0	Fortress Medical Clindex		onet:Data base user interface and query software	Fortress Medical Clindex=0
0	Forum One Communications ProjectSpaces		onet:Project management software	Forum One Communications ProjectSpaces=0
0	Fox Engine	Q650498	wikidata:software framework|wikidata:software library	Fox Engine=0
0	FOX toolkit	Q863984	wikidata:GUI toolkit|wikidata:software library	FOX toolkit=0
0	FoxPro	Q2507721	wikidata:DBMS|wikidata:programming language	FoxPro=0
0	FPGA logic synthesis		onet:Analytical or scientific software	FPGA logic synthesis=0|Field programmable gate array logic synthesis=0
0	FPP		linguist:programming	FPP=0
0	FRACTRAN	Q3063395	wikidata:programming language	FRACTRAN=0
0	Framework FIT		onet:Program testing software	Framework FIT=0|Framework for integrated test=0
0	FreeDOS	Q473751	wikidata:operating system	FreeDOS=0|Free-DOS=0|PD-DOS=0
0	FreeFem++	Q5499643	wikidata:programming language	FreeFem++=0
0	FreeSBIE	Q1257507	wikidata:operating system	FreeSBIE=0
0	Freescale CodeWarrior Tools		onet:Development environment software	Freescale CodeWarrior Tools=0
0	FreeVMS	Q2275219	wikidata:operating system	FreeVMS=0
0	Frege		linguist:programming	Frege=0
0	Fuchsia	Q26267190	wikidata:operating system	Fuchsia=0
0	FuelPHP	Q3090535	wikidata:software framework|wikidata:software library|wikidata:web framework	FuelPHP=0
0	Funtouch OS	Q28411488	wikidata:operating system	Funtouch OS=0|JoviOS=0
0	Futhark		linguist:programming	Futhark=0
0	FutureBASIC	Q2748054	wikidata:programming language	FutureBASIC=0
0	FydeOS	Q97311773	wikidata:operating system	FydeOS=0
0	G'MIC	Q21041255	wikidata:software framework|wikidata:software library	G'MIC=0
0	G-code	Q620464	linguist:programming|onet:Object or component oriented development software|wikidata:programming language	G-code=0
0	Gambas	Q648124	wikidata:programming language	Gambas=0
0	Gambit Scheme		onet:Development environment software	Gambit Scheme=0
0	Game Maker Language	Q1807379	linguist:programming|wikidata:programming language	Game Maker Language=0
0	Gamebryo	Q1196211	wikidata:software framework|wikidata:software library	Gamebryo=0|NetInmerse=0
0	GameMaker	Q243720	wikidata:software framework|wikidata:software library	GameMaker=0|GameMaker Studio=0
0	Gamestudio	Q229443	wikidata:software framework|wikidata:software library	Gamestudio=0
0	GAML		linguist:programming	GAML=0
0	GanttProject	Q1493695	onet:Project management software	GanttProject=0
0	Garry Kitchen's GameMaker	Q176683	wikidata:software framework|wikidata:software library	Garry Kitchen's GameMaker=0
0	Gate.com	Q120069033	wikidata:software framework|wikidata:software library	Gate.com=0
0	GB 18030	Q1484877	wikidata:software framework|wikidata:software library	GB 18030=0|GB18030=0
0	GB 2312	Q1421973	wikidata:software framework|wikidata:software library	GB 2312=0|GB 2312-1980=0|GB2312=0
0	GBK	Q1484788	wikidata:software framework|wikidata:software library	GBK=0|GB 16500=0|GBK encoding=0
0	GCC Machine Description		linguist:programming	GCC Machine Description=0
0	GDevelop	Q3094963	wikidata:software framework|wikidata:software library	GDevelop=0|Game Develop=0|Rana editzz=0
0	GDScript		linguist:programming	GDScript=0
0	GDShader		linguist:programming	GDShader=0
0	GE Fanuc Automation VersaPro		onet:Development environment software	GE Fanuc Automation VersaPro=0
0	GE Healthcare Centricity EMR		onet:Medical software	GE Healthcare Centricity EMR=0
0	Geant4	Q1412851	wikidata:software framework|wikidata:software library	Geant4=0|GEometry ANd Tracking=0
0	GEDCOM		linguist:data	GEDCOM=0
0	GEGL	Q1194120	wikidata:software library	GEGL=0|Generic Graphics Library=0
0	Gemfile.lock		linguist:data	Gemfile.lock=0
0	Gemstone	Q5530763	wikidata:DBMS	Gemstone=0|GemStone/S=0
0	General Algebraic Modeling System	Q646446	linguist:programming|wikidata:programming language	General Algebraic Modeling System=0|GAMS=0
0	General Comprehensive Operating System	Q1501565	wikidata:operating system	General Comprehensive Operating System=0|GCOS=0|GECOS=0|General Electric Comprehensive Operating Supervisor=0
0	Generative Modelling Language	Q1502028	wikidata:programming language	Generative Modelling Language=0
0	Genero 4gl		linguist:programming	Genero 4gl=0
0	Genero per		linguist:markup	Genero per=0
0	Genshi		linguist:programming	Genshi=0|xml+genshi=0|xml+kid=0
0	Gentoo Ebuild		linguist:programming	Gentoo Ebuild=0
0	Gentoo Eclass		linguist:programming	Gentoo Eclass=0
0	GEOM	Q1920156	wikidata:software framework|wikidata:software library	GEOM=0
0	Geometric Description Language	Q519163	wikidata:programming language	Geometric Description Language=0
0	Gerber Image		linguist:data	Gerber Image=0|rs-274x=0
0	GFA BASIC	Q1485336	wikidata:programming language	GFA BASIC=0
0	Ghost Solution Suite		onet:Computer imaging software	Ghost Solution Suite=0
0	GhostBSD	Q1190822	wikidata:operating system	GhostBSD=0|Ghost BSD=0
0	GIMP	Q8038	onet:Graphics or photo imaging software	GIMP=0|GNU Image Manipulation Program=0
0	GiNaC	Q1083683	wikidata:software library	GiNaC=0|Ginac computer algebra system=0
0	Git Attributes		linguist:data	Git Attributes=0|gitattributes=0
0	Git Config		linguist:data	Git Config=0|gitconfig=0|gitmodules=0
0	Git Revision List		linguist:data	Git Revision List=0|Git Blame Ignore Revs=0
0	Glasscubes		onet:Cloud-based data access and sharing software	Glasscubes=0
0	Gleam	Q66370905	linguist:programming|wikidata:programming language	Gleam=0|GleamLang=0
0	GLFW	Q11860238	wikidata:software library	GLFW=0|Graphics Library Framework=0
0	Glimmer JS		linguist:programming	Glimmer JS=0|gjs=0
0	Glyph		linguist:programming	Glyph=0
0	Glyph Bitmap Distribution Format		linguist:data	Glyph Bitmap Distribution Format=0
0	GM-NAA I/O	Q3093244	wikidata:operating system	GM-NAA I/O=0
0	GNOME-DB	Q1007035	wikidata:DBMS	GNOME-DB=0
0	GNU Aspell	Q1368325	wikidata:software library	GNU Aspell=0|Aspell=0
0	GNU Classpath	Q1486192	wikidata:software library	GNU Classpath=0
0	GNU Gettext	Q937302	wikidata:software library	GNU Gettext=0|gettext=0|libintl=0
0	GNU LibreDWG	Q2331162	wikidata:software library	GNU LibreDWG=0|libredwg=0
0	GNU Libtool	Q1045215	wikidata:software library	GNU Libtool=0|libtool=0
0	GNU Linear Programming Kit	Q838189	wikidata:software library	GNU Linear Programming Kit=0|GLPK=0
0	GNU Readline	Q578173	wikidata:software library	GNU Readline=0|readline=0|readline-devel=0
0	GNUbg	Q72271760	onet:Program testing software	GNUbg=0|Costello=0|Abbott=0|GNU Backgammon=0
0	GnuCOBOL	Q7095747	wikidata:programming language	GnuCOBOL=0|GNU Cobol=0|OpenCOBOL=0
0	Gnuplot		linguist:programming	Gnuplot=0
0	GNUstep	Q181222	wikidata:GUI toolkit|wikidata:software library	GNUstep=0
0	Go Checksums		linguist:data	Go Checksums=0|go.sum=0|go sum=0|go.work.sum=0|go work sum=0
0	Go Module		linguist:data	Go Module=0|go.mod=0|go mod=0
0	Go Template		linguist:markup	Go Template=0|gotmpl=0
0	Goanna	Q20869918	wikidata:software framework|wikidata:software library	Goanna=0
0	GObject	Q605962	wikidata:software library	GObject=0
0	Godot Resource		linguist:data	Godot Resource=0
0	Golden Gate		onet:Data base management system software	Golden Gate=0
0	Golden Helix ChemTree		onet:Data mining software	Golden Helix ChemTree=0
0	Golden Helix HelixTree		onet:Data mining software	Golden Helix HelixTree=0
0	GoldSrc	Q369990	wikidata:software framework|wikidata:software library	GoldSrc=0|Goldsource=0
0	Golo		linguist:programming	Golo=0
0	Googlebook OS	Q137958205	wikidata:operating system	Googlebook OS=0|ALOS=0|Aluminium OS=0|Aluminum OS=0
0	Gosu		linguist:programming	Gosu=0
0	Gradle Kotlin DSL		linguist:data	Gradle Kotlin DSL=0
0	Grafana Labs Grafana Cloud		onet:Graphical user interface development software	Grafana Labs Grafana Cloud=0
0	Graph Modeling Language		linguist:data	Graph Modeling Language=0
0	Graphics Language HPGL		onet:Development environment software	Graphics Language HPGL=0
0	Grasshopper 3d	Q5597529	wikidata:programming language	Grasshopper 3d=0
0	Greatis Object Inspector		onet:Object or component oriented development software	Greatis Object Inspector=0
0	Greenhills Ada compilers		onet:Compiler and decompiler software	Greenhills Ada compilers=0
0	Greenplum Database		onet:Data base management system software	Greenplum Database=0
0	GroupMe		onet:Instant messaging software	GroupMe=0
0	GSC		linguist:programming	GSC=0
0	GT.M	Q1356671	wikidata:DBMS|wikidata:programming language	GT.M=0
0	Gtk#	Q3100069	wikidata:software library	Gtk#=0|GTK Sharp=0
0	gtkmm	Q284796	wikidata:GUI toolkit|wikidata:software library	gtkmm=0
0	GtkRC		linguist:data	GtkRC=0|gtk 1=0|gtk 2=0
0	Guardian Analytics FraudMAP		onet:Business intelligence and data analysis software	Guardian Analytics FraudMAP=0
0	GUI builder		onet:Graphical user interface development software	GUI builder=0|Graphical user interface builder=0
0	GUI design		onet:Graphical user interface development software	GUI design=0|Graphical user interface design=0
0	Guidance Software EnCase Enterprise		onet:Analytical or scientific software	Guidance Software EnCase Enterprise=0
0	Guidance Software EnCase Forensic		onet:Network monitoring software	Guidance Software EnCase Forensic=0
0	Gödel	Q3294091	wikidata:programming language	
0	Haiku	Q215448	wikidata:operating system	Haiku=0
0	Haml	Q1573599	linguist:markup|wikidata:programming language	Haml=0|HTML Abstraction Markup Language=0
0	Hamlets	Q1349022	wikidata:software framework|wikidata:software library|wikidata:web framework	Hamlets=0
0	Handheld computer device		onet:Operating system software	Handheld computer device=0
0	Hardware description and verification language		onet:Development environment software	Hardware description and verification language=0
0	Hare		linguist:programming	Hare=0
0	HarmonyOS NEXT	Q123469520	wikidata:operating system	HarmonyOS NEXT=0|HarmonyOS=0
0	Haxe	Q285886	linguist:programming|wikidata:programming language	Haxe=0
0	HDWiki	Q2072904	wikidata:software framework|wikidata:software library	HDWiki=0
0	Healthcare management system		onet:Medical software	Healthcare management system=0
0	HelenOS	Q3243004	wikidata:operating system	HelenOS=0
0	HeroEngine	Q3134308	wikidata:software framework|wikidata:software library	HeroEngine=0
0	Hewlett Packard Exstream Dialogue		onet:Document management software	Hewlett Packard Exstream Dialogue=0
0	Hewlett Packard HP-UX		onet:Operating system software	Hewlett Packard HP-UX=0
0	Hewlett Packard QuickTest Professional		onet:Program testing software	Hewlett Packard QuickTest Professional=0
0	Hewlett-Packard Graphics Language	Q1422842	wikidata:programming language	Hewlett-Packard Graphics Language=0|HP-GL=0|HP-GL/2=0|HPGL=0
0	Hex-Rays IDA Pro		onet:Compiler and decompiler software	Hex-Rays IDA Pro=0
0	Hierarchical simulation program with integrated circuit emphasis HSPICE		onet:Analytical or scientific software	Hierarchical simulation program with integrated circuit emphasis HSPICE=0
0	High Performance Fortran	Q3091025	wikidata:programming language	High Performance Fortran=0|HPF=0
0	High-performance software libraries		onet:Development environment software	High-performance software libraries=0
0	Hikarunix	Q3135511	wikidata:operating system	Hikarunix=0
0	Hildon	Q1543057	wikidata:software framework|wikidata:software library	Hildon=0
0	HipChat		onet:Instant messaging software	HipChat=0
0	HiT Software Allora		onet:Metadata management software	HiT Software Allora=0
0	HOCON		linguist:data	HOCON=0
0	HolyC		linguist:programming	HolyC=0
0	HomeOS	Q5887954	wikidata:operating system	HomeOS=0
0	Honeypot		onet:Transaction security and virus protection software	Honeypot=0
0	hoon		linguist:programming	hoon=0
0	HPL Engine	Q2560851	wikidata:software framework|wikidata:software library	HPL Engine=0
0	HQ9+	Q1335195	wikidata:programming language	HQ9+=0
0	HSIM		onet:Analytical or scientific software	HSIM=0
0	HSPICE		onet:Analytical or scientific software	HSPICE=0
0	HSQLDB	Q669257	wikidata:DBMS	HSQLDB=0|Hyper SQL Database=0|Hypersonic SQL=0|HyperSQL DataBase=0
0	HTML+EEX		linguist:markup	HTML+EEX=0|eex=0|heex=0|leex=0
0	HTML+PHP		linguist:markup	HTML+PHP=0
0	Hurl		linguist:programming	Hurl=0
0	HXML		linguist:data	HXML=0
0	Hy	Q22661291	linguist:programming|wikidata:programming language	Hy=0|hylang=0
0	Hydrological modeling		onet:Analytical or scientific software	Hydrological modeling=0
0	Hyland Software OnBase		onet:Document management software	Hyland Software OnBase=0
0	Hyper-V Server		onet:Operating system software	Hyper-V Server=0
0	HyperOffice Collaboration Suite		onet:Project management software	HyperOffice Collaboration Suite=0
0	HyperSpace		onet:Configuration management software	HyperSpace=0
0	Hypertable	Q5958689	wikidata:DBMS	Hypertable=0
0	HyperTalk	Q58329	wikidata:programming language	HyperTalk=0
0	Hypertext markup language HTML		onet:Web platform development software	Hypertext markup language HTML=0
0	Hypertext preprocessor PHP		onet:Web platform development software	Hypertext preprocessor PHP=0
0	HyPhy		linguist:programming	HyPhy=0
0	i-lign		onet:Project management software	i-lign=0
0	iAd	Q920313	wikidata:software framework|wikidata:software library	iAd=0
0	IBM BASIC	Q174841	wikidata:programming language	IBM BASIC=0|BASICA=0
0	IBM Informix-4GL	Q2816938	wikidata:programming language	IBM Informix-4GL=0
0	IBM Lotus Domino	Q1069529	wikidata:DBMS	IBM Lotus Domino=0|IBM Domino=0|Lotus Domino=0
0	IBM PC DOS	Q863568	wikidata:operating system	IBM PC DOS=0|IBM DOS=0|IBM Personal Computer Disk Operating System=0|IBM Personal Computer DOS=0|PC DOS=0|Personal Computer DOS=0
0	IBM Rational Application Developer	Q501149	onet:Development environment software	IBM Rational Application Developer=0|IBM Rational Application Developer for WebSphere Software=0|Rational Application Developer for WebSphere Software=0|Rational Application Developer=0
0	IBM System R	Q973966	wikidata:DBMS	IBM System R=0
0	iCalendar		linguist:data	iCalendar=0|iCal=0
0	ICEfaces	Q1653245	wikidata:software framework|wikidata:software library|wikidata:web framework	ICEfaces=0
0	ICON programming language		onet:Development environment software	ICON programming language=0
0	iconv	Q284678	wikidata:software library	iconv=0
0	id Tech 1	Q909009	wikidata:software framework|wikidata:software library	id Tech 1=0|Doom engine=0|id Tech 1 engine=0
0	id Tech 2	Q13231453	wikidata:software framework|wikidata:software library	id Tech 2=0|Quake 2 engine=0|Quake II engine=0
0	id Tech 3	Q263952	wikidata:software framework|wikidata:software library	id Tech 3=0|Quake 3 engine=0|Quake III Arena engine=0|Quake III engine=0
0	id Tech 4	Q306572	wikidata:software framework|wikidata:software library	id Tech 4=0|Doom 3 engine=0|Doom III engine=0
0	id Tech 6	Q4041255	wikidata:software framework|wikidata:software library	id Tech 6=0
0	id Tech 7	Q56091493	wikidata:software framework|wikidata:software library	id Tech 7=0|Doom Eternal engine=0|id Tech 7 engine=0
0	IDM Computer Solutions UltraEdit		onet:Data base management system software	IDM Computer Solutions UltraEdit=0
0	Idris		linguist:programming	Idris=0
0	Idris	Q15408477	wikidata:programming language	Idris=0
0	Idris	Q427593	wikidata:operating system	Idris=0
0	IEA Software Emerald		onet:Data base user interface and query software	IEA Software Emerald=0
0	IGOR Pro		linguist:programming	IGOR Pro=0|igor=0|igorpro=0
0	ikiwiki	Q5996014	wikidata:software framework|wikidata:software library	ikiwiki=0
0	IL Assembly		linguist:programming	IL Assembly=0|ilasm=0
0	Illusions Online Illusions OnDemand		onet:Business intelligence and data analysis software	Illusions Online Illusions OnDemand=0
0	ILOG		onet:Object or component oriented development software	ILOG=0
0	ImageJ Macro		linguist:programming	ImageJ Macro=0|ijm=0
0	Imba		linguist:programming	Imba=0
0	ImHex Pattern Language		linguist:programming	ImHex Pattern Language=0|ImHex=0|ImHexPatternLanguage=0|imhexpl=0
0	Imperva SecureSphere		onet:Network security and virtual private network VPN equipment software	Imperva SecureSphere=0
0	ImpressPages	Q11224726	wikidata:software framework|wikidata:software library|wikidata:web framework	ImpressPages=0
0	iMUSE	Q285624	wikidata:software framework|wikidata:software library	iMUSE=0
0	Incognito	Q4169849	wikidata:operating system	Incognito=0
0	INCORE code		onet:Development environment software	INCORE code=0
0	Incr Tcl	Q285756	wikidata:programming language	Incr Tcl=0|itcl=0
0	Incremental compiler		onet:Compiler and decompiler software	Incremental compiler=0
0	Infinity Engine	Q602983	wikidata:software framework|wikidata:software library	Infinity Engine=0
0	Infoblox NetMRI		onet:Network operating system enhancement software	Infoblox NetMRI=0
0	Infoblox security and networking		onet:Administration software	Infoblox security and networking=0
0	Information Builders WebFOCUS		onet:Data base reporting software	Information Builders WebFOCUS=0
0	Information Processing Language	Q776372	wikidata:programming language	Information Processing Language=0|IPL=0
0	InforSense InforSense		onet:Data base user interface and query software	InforSense InforSense=0
0	InfoSphere DataStage		onet:Enterprise application integration software	InfoSphere DataStage=0
0	Infosphere Information Server		onet:Data base management system software	Infosphere Information Server=0
0	InfoSphere Warehouse		onet:Data mining software	InfoSphere Warehouse=0
0	InfoTech CodeVisionAVR		onet:Development environment software	InfoTech CodeVisionAVR=0
0	Ingres	Q60463	wikidata:DBMS	Ingres=0|Interactive graphics and retrieval system=0
0	Inline code expander		onet:Compiler and decompiler software	Inline code expander=0
0	InLoox	Q1660577	onet:Project management software	InLoox=0
0	Inno Setup		linguist:programming	Inno Setup=0
0	InScribe		onet:Computer based training software	InScribe=0
0	Instiki	Q1481032	wikidata:software framework|wikidata:software library	Instiki=0
0	Instruction list	Q613332	wikidata:programming language	Instruction list=0
0	Integer BASIC	Q588806	wikidata:programming language	Integer BASIC=0
0	Integrated circuit simulation		onet:Analytical or scientific software	Integrated circuit simulation=0
0	Intel Integrated Performance Primitives	Q4041442	onet:Development environment software|wikidata:software library	Intel Integrated Performance Primitives=0|Integrated Performance Primitives=0
0	Intel oneAPI Math Kernel Library	Q6786762	onet:Analytical or scientific software	Intel oneAPI Math Kernel Library=0|MKL=0|Intel Math Kernel Library=0|Intel MKL=0|oneMKL=0|Math Kernel Library=0
0	Intelligent Miner		onet:Data mining software	Intelligent Miner=0
0	Intellisys Project Desktop		onet:Project management software	Intellisys Project Desktop=0
0	Interactive Unix	Q655624	wikidata:operating system	Interactive Unix=0
0	Interactive voice response		onet:Interactive voice response software	Interactive voice response=0
0	INTERCAL	Q1054365	wikidata:programming language	INTERCAL=0
0	Interface Computers Data Loader		onet:Metadata management software	Interface Computers Data Loader=0
0	Interlisp	Q4386338	wikidata:programming language	Interlisp=0
0	Intermediate System to Intermediate System IS-IS		onet:Switch or router software	Intermediate System to Intermediate System IS-IS=0
0	InterMine	Q6044951	onet:Data base management system software	InterMine=0
0	Internet Information Services (IIS) Manager		onet:Transaction server software	Internet Information Services (IIS) Manager=0
0	Internet search engine		onet:Information retrieval or search software	Internet search engine=0
0	Interpress	Q924737	wikidata:programming language	Interpress=0
0	Interstate connection ICON		onet:Development environment software	Interstate connection ICON=0
0	InterSystems Caché	Q1150391	wikidata:DBMS|wikidata:programming language	InterSystems Cache=0
0	Intland Software codeBeamer		onet:Project management software	Intland Software codeBeamer=0
0	Intruder Alert		onet:Network monitoring software	Intruder Alert=0
0	Invicti Acunetix		onet:Transaction security and virus protection software	Invicti Acunetix=0
0	Invivo Data EPX ePRO Management System		onet:Data base user interface and query software	Invivo Data EPX ePRO Management System=0
0	Ioke		linguist:programming	Ioke=0
0	IONA Orbix		onet:Development environment software	IONA Orbix=0
0	Ionix Network Configuration Manager		onet:Configuration management software	Ionix Network Configuration Manager=0
0	ioquake3	Q307516	wikidata:software framework|wikidata:software library	ioquake3=0
0	iOS 27	Q138789898	wikidata:operating system	iOS 27=0
0	Iota and Jot	Q3154138	wikidata:programming language	Iota and Jot=0|Iota, Jot=0
0	IP Multimedia Subsystem	Q1140664	wikidata:software framework|wikidata:software library	IP Multimedia Subsystem=0
0	iPadOS 15	Q107139679	wikidata:operating system	iPadOS 15=0|Third major operating system release=0
0	iPadOS 16	Q112257801	wikidata:operating system	iPadOS 16=0|Apple iPadOS 16=0
0	iPadOS 17	Q119104531	wikidata:operating system	iPadOS 17=0
0	iPadOS 18	Q126488241	wikidata:operating system	iPadOS 18=0
0	ipconfig	Q284319	onet:Administration software	ipconfig=0
0	Ipswitch WhatsUp Gold		onet:Network monitoring software	Ipswitch WhatsUp Gold=0
0	IRIS GL	Q1654461	wikidata:software library	IRIS GL=0|Integrated Raster Imaging System Graphics Library=0
0	Irrlicht Engine	Q1423300	wikidata:software framework|wikidata:software library	Irrlicht Engine=0|Irrlicht 3d=0|Irrlicht 3d Engine=0
0	Isabelle		linguist:programming	Isabelle=0
0	Isabelle ROOT		linguist:programming	Isabelle ROOT=0
0	ISE Foundation		onet:Computer aided design CAD software	ISE Foundation=0
0	ISLISP	Q5974027	wikidata:programming language	ISLISP=0
0	ISPC		linguist:programming	ISPC=0
0	ISS RealSecure		onet:Network security or virtual private network VPN management software	ISS RealSecure=0
0	ISWIM	Q1533797	wikidata:programming language	ISWIM=0
0	iText	Q285113	wikidata:software library	iText=0
0	ITT Visual Information Solutions ENVI		onet:Map creation software	ITT Visual Information Solutions ENVI=0
0	IW	Q1775450	wikidata:software framework|wikidata:software library	IW=0
0	J#	Q1160312	wikidata:programming language	J#=0|Visual J#=0
0	Jac		linguist:programming	Jac=0
0	Jai		linguist:programming	Jai=0
0	Jakarta Mail	Q772456	wikidata:software library	Jakarta Mail=0|JavaMail=0|Eclipse Project for JavaMail=0
0	JamBoard		onet:Graphics or photo imaging software	JamBoard=0
0	Janet		linguist:programming	Janet=0
0	JAR Manifest		linguist:data	JAR Manifest=0
0	Jasmin		linguist:programming	Jasmin=0
0	Jaspersoft Business Intelligence Suite		onet:Business intelligence and data analysis software	Jaspersoft Business Intelligence Suite=0
0	JASS		linguist:programming	JASS=0|jass2=0
0	Java 2 Platform Enterprise Edition J2EE		onet:Development environment software	Java 2 Platform Enterprise Edition J2EE=0
0	Java 2D	Q578309	wikidata:software library	Java 2D=0
0	Java Authentication and Authorization Service	Q569280	wikidata:software framework|wikidata:software library	Java Authentication and Authorization Service=0|JAAS=0
0	Java Foundation Classes	Q957782	wikidata:GUI toolkit|wikidata:software library	Java Foundation Classes=0|JFC=0
0	Java Media Framework	Q1684192	wikidata:software framework|wikidata:software library	Java Media Framework=0|JMF=0
0	Java Native Access	Q575703	wikidata:software library	Java Native Access=0|JNA=0
0	Java Properties		linguist:data	Java Properties=0
0	Java Secure Socket Extension	Q1041302	wikidata:software library	Java Secure Socket Extension=0|JSSE=0
0	Java Template Engine		linguist:programming	Java Template Engine=0|jte=0
0	Java Web Start	Q33079	wikidata:software framework|wikidata:software library	Java Web Start=0
0	JavaCC	Q1526210	wikidata:software library	JavaCC=0
0	JavaFX Script	Q609804	wikidata:programming language	JavaFX Script=0
0	JavaOS	Q1684163	wikidata:operating system	JavaOS=0
0	JavaScript Object Notation JSON		onet:Web platform development software	JavaScript Object Notation JSON=0
0	JavaScript+ERB		linguist:programming	JavaScript+ERB=0
0	JBoss Seam	Q923560	wikidata:software framework|wikidata:software library|wikidata:web framework	JBoss Seam=0
0	jBPM	Q286227	wikidata:software library	jBPM=0
0	JBuilder	Q795932	onet:Development environment software	JBuilder=0
0	JD Edwards EnterpriseOne		onet:Enterprise resource planning ERP software	JD Edwards EnterpriseOne=0
0	JDOM	Q359595	wikidata:software library	JDOM=0
0	Jedi	Q1405025	wikidata:software framework|wikidata:software library	Jedi=0|Jedi Engine=0
0	Jekyll	Q17067385	onet:Web platform development software|wikidata:software framework|wikidata:software library|wikidata:web framework	Jekyll=0
0	Jess	Q2259392	wikidata:programming language	Jess=0
0	Jest Snapshot		linguist:data	Jest Snapshot=0
0	JFlex		linguist:programming	JFlex=0
0	JHDL		onet:Object or component oriented development software	JHDL=0
0	JIS X 0201	Q905250	wikidata:software framework|wikidata:software library	JIS X 0201=0|7-bit and 8-bit coded character sets for information interchange=0
0	JIS X 0208	Q905260	wikidata:software framework|wikidata:software library	JIS X 0208=0|7-bit and 8-bit double byte coded KANJI sets for information interchange=0
0	JIS X 0212	Q841021	wikidata:software framework|wikidata:software library	JIS X 0212=0|JIS X 0212-1990=0
0	JIS X 0213	Q6108269	wikidata:software framework|wikidata:software library	JIS X 0213=0|JIS X 0213-2004=0
0	Jison		linguist:programming	Jison=0
0	Jison Lex		linguist:programming	Jison Lex=0
0	Jitterbit		onet:Cloud-based management software	Jitterbit=0
0	jMonkeyEngine	Q285718	wikidata:software framework|wikidata:software library	jMonkeyEngine=0|JME=0
0	JNode	Q1368582	wikidata:operating system	JNode=0|Java new operating system design effort=0
0	JOGL	Q1676666	wikidata:software library	JOGL=0|Java OpenGL=0
0	Joli OS	Q12025814	wikidata:operating system	Joli OS=0
0	Jolie		linguist:programming	Jolie=0
0	JOSS	Q974083	wikidata:programming language	JOSS=0
0	JOVIAL	Q1277803	wikidata:programming language	JOVIAL=0
0	jQuery Mobile	Q1955464	wikidata:software framework|wikidata:software library|wikidata:web framework	jQuery Mobile=0
0	jQuery UI	Q285960	wikidata:software library	jQuery UI=0|jQueryUI=0
0	JScript	Q553514	wikidata:programming language	JScript=0
0	JScript .NET	Q1417175	wikidata:programming language	JScript .NET=0
0	JSFuck	Q25304718	wikidata:programming language	JSFuck=0
0	JSHint	Q6108931	wikidata:software library	JSHint=0
0	JSON with Comments		linguist:data	JSON with Comments=0|jsonc=0
0	JSON5		linguist:data	JSON5=0
0	JSONiq		linguist:programming	JSONiq=0
0	JSONLD		linguist:data	JSONLD=0
0	Julia REPL		linguist:programming	Julia REPL=0
0	Just BASIC	Q512480	wikidata:programming language	Just BASIC=0
0	Just-in-time compiler		onet:Compiler and decompiler software	Just-in-time compiler=0
0	JX	Q751898	wikidata:operating system	JX=0
0	K2 Business Process Automation		onet:Development environment software	K2 Business Process Automation=0
0	Kaitai Struct		linguist:programming	Kaitai Struct=0|ksy=0
0	Kalido Information Engine		onet:Data base management system software	Kalido Information Engine=0
0	Kapwing		onet:Video creation and editing software	Kapwing=0
0	Karel	Q204693	wikidata:programming language	Karel=0|Karel the Robot=0
0	KCL		linguist:programming	KCL=0
0	KDE neon	Q52056988	wikidata:operating system	KDE neon=0
0	KDE Platform	Q2293057	wikidata:software library	KDE Platform=0|KDE Library=0|KDELibs=0
0	Kent Recursive Calculator	Q375533	wikidata:programming language	Kent Recursive Calculator=0|KRC=0
0	KerboScript		linguist:programming	KerboScript=0
0	KERNAL	Q1362489	wikidata:operating system	KERNAL=0
0	Kexi	Q1537053	wikidata:DBMS	Kexi=0
0	Keysight VEE	Q393768	wikidata:programming language	Keysight VEE=0|Agilent VEE=0|HP VEE=0|Visual Engineering Environment=0
0	Keystroke monitoring		onet:Network monitoring software	Keystroke monitoring=0
0	Kforge		onet:Enterprise system management software	Kforge=0
0	KFramework		linguist:programming	KFramework=0
0	KHTML	Q658029	wikidata:software framework|wikidata:software library	KHTML=0
0	KiCad Layout		linguist:data	KiCad Layout=0|pcbnew=0
0	KiCad Legacy Layout		linguist:data	KiCad Legacy Layout=0
0	KiCad Schematic		linguist:data	KiCad Schematic=0|eeschema schematic=0
0	Kidasa Milestones Professional		onet:Project management software	Kidasa Milestones Professional=0
0	KIKA Veracity		onet:Data base user interface and query software	KIKA Veracity=0
0	KIO	Q265162	wikidata:software library	KIO=0
0	KiriKiri	Q1065372	wikidata:programming language|wikidata:software framework|wikidata:software library	KiriKiri=0|KAG=0|krkr=0
0	Kivy	Q615738	wikidata:software framework|wikidata:software library	Kivy=0
0	KiXtart	Q1477376	wikidata:programming language	KiXtart=0
0	KJS	Q944678	wikidata:software framework|wikidata:software library	KJS=0
0	klibc	Q307048	wikidata:software library	klibc=0
0	Kodu Game Lab	Q3496255	wikidata:programming language	Kodu Game Lab=0
0	KOffice.org Kplato		onet:Project management software	KOffice.org Kplato=0
0	Kohana	Q2449047	wikidata:software framework|wikidata:software library|wikidata:web framework	Kohana=0
0	KOI8-R	Q1147493	wikidata:software framework|wikidata:software library	KOI8-R=0
0	KOI8-U	Q996151	wikidata:software framework|wikidata:software library	KOI8-U=0
0	Kojo	Q6426496	wikidata:programming language	Kojo=0
0	Koka		linguist:programming	Koka=0
0	KolibriOS	Q1290448	wikidata:operating system	KolibriOS=0
0	KoLmafia ASH		linguist:programming	KoLmafia ASH=0
0	KommandCore		onet:Project management software	KommandCore=0
0	KParts	Q1476718	wikidata:software framework|wikidata:software library	KParts=0|KPart=0
0	KS X 1001	Q489423	wikidata:software framework|wikidata:software library	KS X 1001=0|KS C 5601=0|Wansung=0
0	KTurtle	Q600450	wikidata:programming language	KTurtle=0
0	Kuki Linux	Q6442477	wikidata:operating system	Kuki Linux=0
0	kvlang		linguist:markup	kvlang=0
0	Kylin	Q1438024	wikidata:operating system	Kylin=0|Kylin OS=0|KylinOS=0
0	L4Linux	Q1667277	wikidata:operating system	L4Linux=0
0	Lambdapi		linguist:programming	Lambdapi=0
0	Laminas	Q189475	onet:Web platform development software|wikidata:software framework|wikidata:software library|wikidata:web framework	Laminas=0|Laminas Project=0|Zend Framework=0
0	Land Desktop		onet:Computer aided design CAD software	Land Desktop=0
0	Landmark Graphics GeoGraphix		onet:Analytical or scientific software	Landmark Graphics GeoGraphix=0
0	Langium		linguist:programming	Langium=0
0	LANtastic	Q2506043	wikidata:operating system	LANtastic=0
0	LAPACK	Q642141	onet:Development environment software|wikidata:software library	LAPACK=0
0	Laserfiche Rio		onet:Document management software	Laserfiche Rio=0
0	Lavalys Everest		onet:Network monitoring software	Lavalys Everest=0
0	Lean 4		linguist:programming	Lean 4=0|lean4=0
0	Leica Geosystems ERDAS IMAGINE		onet:Map creation software	Leica Geosystems ERDAS IMAGINE=0
0	leJOS	Q287456	wikidata:operating system	leJOS=0
0	LessTif	Q200649	wikidata:GUI toolkit|wikidata:software library	LessTif=0
0	LFE		linguist:programming	LFE=0
0	LG UX	Q39049705	wikidata:operating system	LG UX=0
0	libavcodec	Q217647	wikidata:software library	libavcodec=0
0	libdvdcss	Q285567	wikidata:software library	libdvdcss=0|libdvdcss2=0
0	libGDX	Q16321264	wikidata:software framework|wikidata:software library	libGDX=0
0	libHaru	Q3237689	wikidata:software library	libHaru=0
0	libjpeg	Q131741	wikidata:software library	libjpeg=0
0	libpng	Q838041	wikidata:software library	libpng=0
0	LibreELEC	Q28449365	wikidata:operating system	LibreELEC=0|Linux media center=0|Libre Embedded Linux Entertainment Center=0|LibreELEC distro=0|LibreELEC HTPC=0|LibreELEC multimedia center=0|Linux LibreELEC=0|OpenELEC fork=0
0	LibreOffice	Q10135	onet:Office suite software	LibreOffice=0
0	LibreOffice Base	Q12810618	wikidata:DBMS	LibreOffice Base=0|lobase=0
0	LibreOffice Basic	Q59360643	wikidata:programming language	LibreOffice Basic=0
0	LibreSSL	Q16590706	wikidata:software library	LibreSSL=0
0	librsvg	Q286024	wikidata:software library	librsvg=0
0	libtorrent (rasterbar)	Q287392	wikidata:software library	libtorrent (rasterbar)=0|Rasterbar libtorrent=0|rblibtorrent=0
0	libusb	Q287670	wikidata:software library	libusb=0
0	libwww	Q917445	wikidata:software library	libwww=0|Common Library=0|WWW Common Library=0
0	libxml2	Q306240	wikidata:software library	libxml2=0
0	Lightbox	Q3486953	wikidata:software library	Lightbox=0
0	Lightweight Java Game Library	Q940526	wikidata:software library	Lightweight Java Game Library=0|LWJGL=0
0	LigoLANG		linguist:programming	LigoLANG=0
0	LilyPond		linguist:programming	LilyPond=0
0	Limbo	Q544927	linguist:programming|wikidata:programming language	Limbo=0
0	Linda	Q1461865	wikidata:programming language	Linda=0
0	Linden Scripting Language	Q1185543	linguist:programming|wikidata:programming language	Linden Scripting Language=0|LSL=0
0	Link encryption		onet:Transaction security and virus protection software	Link encryption=0
0	link grammar	Q6554304	wikidata:software library	link grammar=0
0	Linotte	Q3241663	wikidata:programming language	Linotte=0
0	LINPACK	Q609010	wikidata:software library	LINPACK=0
0	Linux for PlayStation 2	Q1322715	wikidata:operating system	Linux for PlayStation 2=0|PS2 Linux=0
0	Linux Unified Kernel	Q4330428	wikidata:operating system	Linux Unified Kernel=0|Longene=0
0	Linux Virtual Server	Q1827146	onet:Application server software	Linux Virtual Server=0|LVS=0
0	LinuxMCE	Q2389043	wikidata:software framework|wikidata:software library	LinuxMCE=0
0	Liquid Glass	Q134784675	wikidata:GUI toolkit|wikidata:software library	Liquid Glass=0|Apple Liquid Glass=0
0	LiquidPlanner		onet:Project management software	LiquidPlanner=0
0	Liquidsoap		linguist:programming	Liquidsoap=0
0	Lisa OS	Q1361477	wikidata:operating system	Lisa OS=0
0	List processing language LISP		onet:Development environment software	List processing language LISP=0
0	Literate Agda		linguist:programming	Literate Agda=0
0	Literate CoffeeScript		linguist:programming	Literate CoffeeScript=0|litcoffee=0
0	Live2D	Q11230249	wikidata:software framework|wikidata:software library	Live2D=0
0	LiveCode Script		linguist:programming	LiveCode Script=0
0	Livelink ECM		onet:Content workflow software	Livelink ECM=0
0	LiveState		onet:Backup or archival software	LiveState=0
0	Locomotive BASIC	Q1753474	wikidata:programming language	Locomotive BASIC=0
0	Logic Software Easy Projects.NET		onet:Project management software	Logic Software Easy Projects.NET=0
0	Logic synthesis		onet:Analytical or scientific software	Logic synthesis=0
0	Logical partition LPAR		onet:Configuration management software	Logical partition LPAR=0
0	LogicVision icBIST		onet:Analytical or scientific software	LogicVision icBIST=0
0	LogMatrix NerveCenter		onet:Network monitoring software	LogMatrix NerveCenter=0
0	LogMeIn GoToMeeting		onet:Video conferencing software	LogMeIn GoToMeeting=0
0	LogMeIn GoToWebinar		onet:Network conferencing software	LogMeIn GoToWebinar=0
0	Logo design		onet:Development environment software	Logo design=0
0	Logtalk		linguist:programming	Logtalk=0
0	LOLCODE	Q513238	linguist:programming|wikidata:programming language	LOLCODE=0
0	Looker Analytics		onet:Analytical or scientific software	Looker Analytics=0
0	LoomScript		linguist:programming	LoomScript=0
0	Lotus 1-2-3	Q653999	onet:Spreadsheet software	Lotus 1-2-3=0|Lotus 123=0
0	Lotus SameTime		onet:Network conferencing software	Lotus SameTime=0
0	LotusScript	Q3260092	wikidata:programming language	LotusScript=0
0	Low-level virtual machine LLVM compilers		onet:Compiler and decompiler software	Low-level virtual machine LLVM compilers=0
0	LPMud	Q3502717	wikidata:software framework|wikidata:software library	LPMud=0
0	LS3D engine	Q2669875	wikidata:software framework|wikidata:software library	LS3D engine=0
0	LTspice Symbol		linguist:data	LTspice Symbol=0
0	LuaTeX	Q26074	wikidata:software library	LuaTeX=0
0	Lucent VitalSuite		onet:Administration software	Lucent VitalSuite=0
0	Lucid IQ CMP		onet:Data base user interface and query software	Lucid IQ CMP=0
0	Luminous Engine	Q4043249	wikidata:software framework|wikidata:software library	Luminous Engine=0
0	LUnix	Q1413437	wikidata:operating system	LUnix=0
0	LuntBuild		onet:Development environment software	LuntBuild=0
0	Lush	Q10321016	wikidata:programming language	Lush=0
0	M-Sim		onet:Analytical or scientific software	M-Sim=0
0	M.U.G.E.N	Q1314490	wikidata:software framework|wikidata:software library	M.U.G.E.N=0|Mugen=0
0	M3U		linguist:data	M3U=0|hls playlist=0|m3u playlist=0
0	M4Sugar		linguist:programming	M4Sugar=0
0	Mac HelpMate		onet:Access software	Mac HelpMate=0
0	Mac OS 8	Q1343889	wikidata:operating system	Mac OS 8=0|Classic 8=0|classic Mac OS 8=0
0	Mac OS 9	Q904519	wikidata:operating system	Mac OS 9=0|Classic 9=0|classic Mac OS 9=0|OS 9=0
0	Mac OS Roman	Q1751276	wikidata:software framework|wikidata:software library	Mac OS Roman=0|MacRoman=0
0	Mac OS X 10.0	Q912481	wikidata:operating system	Mac OS X 10.0=0
0	Mac OS X 10.1	Q478451	wikidata:operating system	Mac OS X 10.1=0
0	Mac OS X 10.2	Q570216	wikidata:operating system	Mac OS X 10.2=0|Mac OS X Jaguar=0
0	Mac OS X Leopard	Q222996	wikidata:operating system	Mac OS X Leopard=0|Mac OS X 10.5=0|Mac OS X 10.5 Leopard=0
0	Mac OS X Lion	Q476915	wikidata:operating system	Mac OS X Lion=0|Mac OS X 10.7=0|Mac OS X v10.7=0|OS X 10.7=0|OS X Lion=0|OS X v10.7=0
0	Mac OS X Panther	Q747434	wikidata:operating system	Mac OS X Panther=0
0	Mac OS X Public Beta	Q1350156	wikidata:operating system	Mac OS X Public Beta=0|Mac OS X Beta Publique=0
0	Mac OS X Server 1.0	Q580984	wikidata:operating system	Mac OS X Server 1.0=0
0	Mac OS X Snow Leopard	Q381215	wikidata:operating system	Mac OS X Snow Leopard=0|Snow Leopard=0|Mac OS X 10.6=0|Mac OS X 10.6 Snow Leopard=0|Mac OS X v10.6=0|OS X 10.6=0
0	Mac OS X Tiger	Q693478	wikidata:operating system	Mac OS X Tiger=0|Mac OS X 10.4=0|Mac OS X 10.4 Tiger=0|Mac OS X v10.4=0|Mac OS X v10.4 Tiger=0
0	machine code monitor	Q1780522	wikidata:operating system	machine code monitor=0
0	Maclisp	Q1882973	wikidata:programming language	Maclisp=0
0	macOS High Sierra	Q30134996	wikidata:operating system	macOS High Sierra=0|macOS 10.13=0
0	macOS Mojave	Q54807273	wikidata:operating system	macOS Mojave=0|macOS 10.14=0
0	macOS Sonoma	Q119104560	wikidata:operating system	macOS Sonoma=0|macOS 14=0|macOS 14 Sonoma=0
0	macOS Ventura	Q112257668	wikidata:operating system	macOS Ventura=0
0	Macromedia Freehand MX file format, version 11	Q45315974	onet:Graphics or photo imaging software	Macromedia Freehand MX file format, version 11=0|fh11=0|FreeHand Document=0|FreeHand MX=0
0	Macromedia HomeSite	Q1883043	onet:Web page creation and editing software	Macromedia HomeSite=0
0	Madrigal Soft Tools Delegator		onet:Project management software	Madrigal Soft Tools Delegator=0
0	Magellan Firmware		onet:Operating system software	Magellan Firmware=0
0	Magic User Interface	Q916752	wikidata:GUI toolkit|wikidata:software library	Magic User Interface=0
0	Magik	Q9026871	wikidata:programming language	Magik=0
0	Magma Design Automation Blast Create		onet:Analytical or scientific software	Magma Design Automation Blast Create=0
0	Magma Design Automation Blast FPGA		onet:Analytical or scientific software	Magma Design Automation Blast FPGA=0
0	Majestic SEO		onet:Web platform development software	Majestic SEO=0
0	Mako		linguist:programming	Mako=0
0	Malbolge	Q517956	wikidata:programming language	Malbolge=0
0	Managed Extensions for C++	Q2364913	wikidata:programming language	Managed Extensions for C++=0|Managed C++=0
0	Mantis Bug Tracker	Q1421571	onet:Data base user interface and query software	Mantis Bug Tracker=0|MantisBT=0|Mantis Bug Tracking System=0|Mantis Bugtracker=0
0	MapGuide		onet:Web platform development software	MapGuide=0
0	Maple	Q139380	wikidata:programming language	Maple=0
0	MapR Converged Data Platform		onet:Data base management system software	MapR Converged Data Platform=0
0	MapReduce big data		onet:Business intelligence and data analysis software	MapReduce big data=0
0	Mariner	Q1165282	wikidata:software framework|wikidata:software library	Mariner=0
0	Marko		linguist:markup	Marko=0|markojs=0
0	Marmalade	Q6772066	wikidata:software framework|wikidata:software library	Marmalade=0|Marmalade SDK=0
0	Mastercam	Q371822	wikidata:operating system	Mastercam=0
0	MatchWare MindView		onet:Pattern design software	MatchWare MindView=0
0	Mathcad	Q1133580	wikidata:programming language	Mathcad=0
0	Mathematical Programming System		linguist:programming	Mathematical Programming System=0
0	Mathomatic	Q943985	wikidata:software library	Mathomatic=0
0	Mathsoft Mathcad		onet:Computer aided design CAD software	Mathsoft Mathcad=0
0	Maven POM		linguist:data	Maven POM=0
0	Max (programming language)	Q1707206	wikidata:programming language	Max (programming language)=0|Max/MSP=0
0	MaxDB	Q2143312	wikidata:DBMS	MaxDB=0
0	Maxscript	Q3651101	linguist:programming|onet:Development environment software|wikidata:programming language	Maxscript=0
0	MBASIC	Q623610	wikidata:programming language	MBASIC=0
0	Mbed TLS	Q7208994	wikidata:software library	Mbed TLS=0|Mbed Crypto=0|PolarSSL=0|XySSL=0
0	mcfunction		linguist:programming	mcfunction=0
0	McKesson ANSOS One-Staff		onet:Calendar and scheduling software	McKesson ANSOS One-Staff=0
0	MDM Suite		onet:Metadata management software	MDM Suite=0|Master Data Management MDM Suite=0|Master Data Management Suite=0
0	mdsvex		linguist:markup	mdsvex=0
0	Media Lovin' Toolkit	Q3853681	wikidata:software framework|wikidata:software library	Media Lovin' Toolkit=0|MLT=0
0	Media storage management		onet:Storage networking software	Media storage management=0
0	Medical condition coding		onet:Medical software	Medical condition coding=0
0	Medical procedure coding		onet:Medical software	Medical procedure coding=0
0	Medidata Rave Data Management		onet:Data base user interface and query software	Medidata Rave Data Management=0
0	MEDITECH Healthcare Information System HCIS		onet:Medical software	MEDITECH Healthcare Information System HCIS=0
0	Mediware ClosedLoop Clinical Systems		onet:Medical software	Mediware ClosedLoop Clinical Systems=0
0	Mediware Information Systems MediCOE		onet:Medical software	Mediware Information Systems MediCOE=0
0	Medscribbler Enterprise		onet:Medical software	Medscribbler Enterprise=0
0	Megpoid	Q557254	wikidata:software library	Megpoid=0|Gumi=0
0	MEIKO	Q618888	wikidata:software library	MEIKO=0
0	MEL		onet:Development environment software	MEL=0|Maya Embedded Language=0
0	Mentor Graphics BSDArchitect		onet:Analytical or scientific software	Mentor Graphics BSDArchitect=0
0	Mentor Graphics Calibre		onet:Analytical or scientific software	Mentor Graphics Calibre=0
0	Mentor Graphics LeonardoSpectrum		onet:Analytical or scientific software	Mentor Graphics LeonardoSpectrum=0
0	Mentor Graphics Precision RTL		onet:Analytical or scientific software	Mentor Graphics Precision RTL=0
0	Mentor Graphics Xpedition xDX Designer		onet:Computer aided design CAD software	Mentor Graphics Xpedition xDX Designer=0
0	MenuetOS	Q587135	wikidata:operating system	MenuetOS=0
0	Merb	Q2658001	wikidata:software framework|wikidata:software library|wikidata:web framework	Merb=0
0	Merge Healthcare eTrials		onet:Data base user interface and query software	Merge Healthcare eTrials=0
0	Metamath	Q6822975	wikidata:programming language	Metamath=0|Metamath Proof Explorer=0|metamath.org=0
0	MetaPost	Q1265836	wikidata:programming language	MetaPost=0
0	MeteorJS		onet:Web platform development software	MeteorJS=0
0	Metro WSIT	Q178998	wikidata:software framework|wikidata:software library|wikidata:web framework	Metro WSIT=0|Project Tango=0|Web Services Interoperability Technology=0
0	MeTTa		linguist:programming	MeTTa=0
0	Micosoft SSAS		onet:Business intelligence and data analysis software	Micosoft SSAS=0|Micosoft SQL Server Analysis Services=0
0	Microarchitecture simulation		onet:Analytical or scientific software	Microarchitecture simulation=0
0	Microchip MPLAB Integrated Development Environment (IDE)		onet:Development environment software	Microchip MPLAB Integrated Development Environment (IDE)=0
0	MicroFour PracticeStudio.NET EMR		onet:Medical software	MicroFour PracticeStudio.NET EMR=0
0	Micromuse NetCool		onet:Network monitoring software	Micromuse NetCool=0
0	MICROS XBR Loss Prevention		onet:Business intelligence and data analysis software	MICROS XBR Loss Prevention=0
0	Microsoft BASIC	Q1201810	wikidata:programming language	Microsoft BASIC=0
0	Microsoft Developer Studio Project		linguist:data	Microsoft Developer Studio Project=0
0	Microsoft Expression Blend	Q594763	onet:Graphical user interface development software	Microsoft Expression Blend=0|Expression Blend=0
0	Microsoft Forefront	Q2312791	wikidata:operating system	Microsoft Forefront=0
0	Microsoft Forefront Threat Management Gateway	Q632851	onet:Network security or virtual private network VPN management software	Microsoft Forefront Threat Management Gateway=0|Microsoft Internet Security and Acceleration Server=0|Forefront TMG=0|ISA Server=0|Forefront Threat Management Gateway=0
0	Microsoft FrontPage	Q335162	onet:Web page creation and editing software	Microsoft FrontPage=0|FrontPage=0|Microsoft Office FrontPage=0|Vermeer FrontPage=0
0	Microsoft Office Document Imaging	Q697315	onet:Analytical or scientific software	Microsoft Office Document Imaging=0|MODI=0|Office Document Imaging=0
0	Microsoft Pascal	Q2030647	wikidata:programming language	Microsoft Pascal=0
0	Microsoft Small Basic	Q767018	wikidata:programming language	Microsoft Small Basic=0|Small Basic=0
0	Microsoft Visual Programming Language	Q3347111	wikidata:programming language	Microsoft Visual Programming Language=0
0	Microsoft Visual SourceSafe	Q1542670	onet:Development environment software	Microsoft Visual SourceSafe=0|Visual SourceSafe=0
0	Microsoft Visual Studio Solution		linguist:data	Microsoft Visual Studio Solution=0
0	Microsoft XNA	Q949728	wikidata:software framework|wikidata:software library	Microsoft XNA=0
0	Microsystems Java		onet:Object or component oriented development software	Microsystems Java=0
0	Microsystems Java Persistence API		onet:Object or component oriented development software	Microsystems Java Persistence API=0
0	Microsystems Java Servlet API		onet:Object or component oriented development software	Microsystems Java Servlet API=0
0	Microsystems Sun ONE		onet:Transaction server software	Microsystems Sun ONE=0
0	MidnightBSD	Q1978306	wikidata:operating system	MidnightBSD=0|mnbsd=0
0	Midori	Q1049148	wikidata:operating system	Midori=0
0	Migration Workbench		onet:Data base management system software	Migration Workbench=0
0	Mind mapping		onet:Pattern design software	Mind mapping=0
0	MindGenius		onet:Pattern design software	MindGenius=0
0	Ming library	Q1504993	wikidata:software library	Ming library=0
0	MiniD		linguist:programming	MiniD=0
0	MiniScript		linguist:programming	MiniScript=0
0	MINIX 3	Q770573	wikidata:operating system	MINIX 3=0
0	MiniYAML		linguist:data	MiniYAML=0
0	MiniZinc		linguist:programming	MiniZinc=0
0	MiniZinc Data		linguist:data	MiniZinc Data=0
0	MinuteMan Systems MinuteMan Project Management Software		onet:Project management software	MinuteMan Systems MinuteMan Project Management Software=0
0	Miracle Linux	Q840623	wikidata:operating system	Miracle Linux=0
0	Mirah		linguist:programming	Mirah=0
0	Miranda	Q780803	wikidata:programming language	Miranda=0
0	mIRC Script		linguist:programming	mIRC Script=0
0	mIRC scripting language	Q300841	wikidata:programming language	mIRC scripting language=0|mIRC=0
0	MirOS BSD	Q2026337	wikidata:operating system	MirOS BSD=0|MirBSD=0|MirOS=0
0	MIT/GNU Scheme	Q768970	wikidata:programming language	MIT/GNU Scheme=0|MIT Scheme=0
0	Mixed code generator		onet:Compiler and decompiler software	Mixed code generator=0
0	Mizar	Q1609529	wikidata:programming language	Mizar=0|Mizar system=0
0	MkLinux	Q1348118	wikidata:operating system	MkLinux=0
0	Mnesia	Q667967	wikidata:DBMS	Mnesia=0
0	MOAP	Q11231802	wikidata:software framework|wikidata:software library	MOAP=0|Mobile Oriented Applications Platform=0
0	MochiKit	Q3293988	wikidata:software library	MochiKit=0
0	mod_perl	Q292390	wikidata:software library	mod_perl=0
0	Modelica	Q385325	linguist:programming|onet:Object or component oriented development software|wikidata:programming language	Modelica=0
0	ModelSim		onet:Computer aided design CAD software	ModelSim=0
0	Modernizr	Q869483	wikidata:software library	Modernizr=0
0	Modula	Q2428476	onet:Object or component oriented development software|wikidata:programming language	Modula=0
0	Modula-2	Q777358	linguist:programming|wikidata:programming language	Modula-2=0
0	Modula-3	Q1928222	linguist:programming|wikidata:programming language	Modula-3=0|Modula3=0
0	Modular Audio Recognition Framework	Q646928	wikidata:software framework|wikidata:software library	Modular Audio Recognition Framework=0|MARF=0
0	Module Management System		linguist:programming	Module Management System=0
0	MoinMoin	Q1141771	wikidata:software framework|wikidata:software library	MoinMoin=0
0	Mojolicious	Q3075011	wikidata:software framework|wikidata:software library|wikidata:web framework	Mojolicious=0
0	Molinux	Q4893681	wikidata:operating system	Molinux=0
0	MoltenVK	Q55264041	wikidata:software library	MoltenVK=0
0	Monkey C		linguist:programming	Monkey C=0
0	MonoGame	Q13218967	wikidata:software framework|wikidata:software library	MonoGame=0
0	Moocode		linguist:programming	Moocode=0
0	Moodle	Q190434	onet:Computer based training software	Moodle=0
0	MoonBit		linguist:programming	MoonBit=0
0	MoonScript		linguist:programming	MoonScript=0
0	MooTools	Q279201	wikidata:software library	MooTools=0
0	Moses	Q3630063	wikidata:software library	Moses=0
0	Motoblur	Q5361585	wikidata:operating system	Motoblur=0
0	Motoko		linguist:programming	Motoko=0
0	Motorola 68K Assembly		linguist:programming	Motorola 68K Assembly=0|m68k=0
0	Motorola Digital Signal Processing (DSP) Assembler		onet:Development environment software	Motorola Digital Signal Processing (DSP) Assembler=0
0	Moz SEO		onet:Web platform development software	Moz SEO=0|Moz search engine optimization=0
0	Mozart Programming System	Q2391267	wikidata:programming language	Mozart Programming System=0
0	Mozilla application framework	Q841305	wikidata:software framework|wikidata:software library	Mozilla application framework=0
0	MP/M	Q3317219	wikidata:operating system	MP/M=0
0	mpg123	Q287021	wikidata:software library	mpg123=0|libmpg123=0
0	MPI Micro Planner X-Pert		onet:Pattern design software	MPI Micro Planner X-Pert=0
0	MSDE	Q2667195	wikidata:DBMS	MSDE=0|Microsoft Desktop Engine=0
0	MSR Visual Exporter Enterprise Integrator		onet:Enterprise application integration software	MSR Visual Exporter Enterprise Integrator=0
0	MSX BASIC	Q265039	wikidata:programming language	MSX BASIC=0
0	MT Framework	Q2981818	wikidata:software framework|wikidata:software library	MT Framework=0
0	MTML		linguist:markup	MTML=0
0	MUF		linguist:programming	MUF=0
0	MuLinux	Q769134	wikidata:operating system	MuLinux=0
0	Multics	Q739186	wikidata:operating system	Multics=0
0	Multidimensional Expressions MDX		onet:Data base management system software	Multidimensional Expressions MDX=0
0	Multimedia Fusion	Q1755199	wikidata:software framework|wikidata:software library	Multimedia Fusion=0|mmf=0
0	Multiprotocol Label Switching MPLS		onet:Internet protocol IP multimedia subsystem software	Multiprotocol Label Switching MPLS=0
0	Multisensory data representation		onet:Analytical or scientific software	Multisensory data representation=0
0	Multiuser DOS	Q3867065	wikidata:operating system	Multiuser DOS=0
0	MULTOS	Q2337892	wikidata:operating system	MULTOS=0
0	MUMPS M		onet:Development environment software	MUMPS M=0
0	mupad		linguist:programming	mupad=0
0	MuPDF	Q6930567	wikidata:software framework|wikidata:software library	MuPDF=0
0	Muse		linguist:prose	Muse=0|amusewiki=0|emacs muse=0
0	Music Macro Language	Q6941595	wikidata:programming language	Music Macro Language=0|MML=0
0	MUSIC/SP	Q629795	wikidata:operating system	MUSIC/SP=0
0	Mustache		linguist:markup	Mustache=0
0	MXML	Q1196084	wikidata:programming language	MXML=0|Macromedia Flex Markup Language=0
0	Myghty		linguist:programming	Myghty=0
0	MySpell	Q3494159	wikidata:software library	MySpell=0|OOo-MySpell=0
0	MySQL Cluster	Q1493683	wikidata:DBMS	MySQL Cluster=0|NDB=0
0	nanorc		linguist:data	nanorc=0
0	Nasal		linguist:programming	Nasal=0
0	Nashorn	Q6966885	wikidata:software framework|wikidata:software library	Nashorn=0
0	NASL		linguist:programming	NASL=0
0	National Instruments LabVIEW		onet:Development environment software	National Instruments LabVIEW=0
0	National Instruments TestStand		onet:Development environment software	National Instruments TestStand=0
0	nbtstat		onet:Network monitoring software	nbtstat=0
0	NCR Teradata Warehouse Miner		onet:Data mining software	NCR Teradata Warehouse Miner=0
0	ncurses	Q310974	wikidata:GUI toolkit|wikidata:software library	ncurses=0|libncurses=0|new curses=0
0	NDISwrapper	Q1071380	wikidata:software library	NDISwrapper=0
0	Nearley		linguist:programming	Nearley=0
0	Nearpod		onet:Multi-media educational software	Nearpod=0
0	Nemerle	Q2626413	linguist:programming|wikidata:programming language	Nemerle=0
0	nesC	Q286443	linguist:programming|wikidata:programming language	nesC=0
0	Net Manager		onet:Network monitoring software	Net Manager=0
0	Netezza TwinFin		onet:Data base reporting software	Netezza TwinFin=0
0	NetIQ		onet:Administration software	NetIQ=0
0	NetLinx		linguist:programming	NetLinx=0
0	NetLinx+ERB		linguist:programming	NetLinx+ERB=0
0	NetLogo	Q672307	linguist:programming|wikidata:programming language	NetLogo=0
0	Netreo OmniCenter		onet:Administration software	Netreo OmniCenter=0
0	NetScout InfinitiStream Console		onet:Network monitoring software	NetScout InfinitiStream Console=0
0	NetScout Sniffer Global Analyzer		onet:Network monitoring software	NetScout Sniffer Global Analyzer=0
0	NetScout Sniffer Portable Professional Analyzer		onet:Network monitoring software	NetScout Sniffer Portable Professional Analyzer=0
0	Netsmart Technologies CareNet		onet:Medical software	Netsmart Technologies CareNet=0
0	NetWare	Q691990	wikidata:operating system	NetWare=0|Novell NetWare=0
0	NetWeaver		onet:Enterprise application integration software	NetWeaver=0
0	NetWeaver BW		onet:Data mining software|onet:Enterprise application integration software	NetWeaver BW=0
0	Netwide Assembler	Q1571077	wikidata:programming language	Netwide Assembler=0|NASM=0
0	Network address management		onet:Administration software	Network address management=0
0	Network and application load and performance testing		onet:Network monitoring software	Network and application load and performance testing=0
0	Network and component performance analysis		onet:Network monitoring software	Network and component performance analysis=0
0	Network and system vulnerability assessment		onet:Network security or virtual private network VPN management software	Network and system vulnerability assessment=0
0	Network availability monitoring		onet:Network monitoring software	Network availability monitoring=0
0	Network bridge		onet:Bridge software	Network bridge=0
0	Network directory services		onet:Internet directory services software	Network directory services=0
0	Network Instruments Observer Standard		onet:Network monitoring software	Network Instruments Observer Standard=0
0	Network modeling, mapping, and analysis		onet:Network monitoring software	Network modeling, mapping, and analysis=0
0	Network Node Manager		onet:Administration software	Network Node Manager=0
0	Network security auditing		onet:Network security or virtual private network VPN management software	Network security auditing=0
0	Network shutdown		onet:Administration software	Network shutdown=0
0	Network traffic flow monitoring and analysis		onet:Network monitoring software	Network traffic flow monitoring and analysis=0
0	Network traffic probe		onet:Network monitoring software	Network traffic probe=0
0	Network, hardware, and software auditing		onet:Network monitoring software	Network, hardware, and software auditing=0
0	Network, server and operating system optimization		onet:Network operating system enhancement software	Network, server and operating system optimization=0
0	Networks NetScreen-Security Manager		onet:Network security and virtual private network VPN equipment software	Networks NetScreen-Security Manager=0
0	Newgen Software Technologies OmniDocs		onet:Document management software	Newgen Software Technologies OmniDocs=0
0	Newlib	Q1885960	wikidata:software library	Newlib=0
0	newLISP	Q827233	linguist:programming|wikidata:programming language	newLISP=0
0	Newsqueak	Q262003	wikidata:programming language	Newsqueak=0
0	Newton Game Dynamics	Q3339165	wikidata:software framework|wikidata:software library	Newton Game Dynamics=0
0	Newton OS	Q1185591	wikidata:operating system	Newton OS=0
0	Next-Generation Security Platform		onet:Network security and virtual private network VPN equipment software	Next-Generation Security Platform=0
0	NextGen Healthcare Information Systems EMR		onet:Medical software	NextGen Healthcare Information Systems EMR=0
0	NIKSUN NetDetector		onet:Network security or virtual private network VPN management software	NIKSUN NetDetector=0
0	Ninian Huddle		onet:Project management software	Ninian Huddle=0
0	Nintendo 3DS system software	Q3138061	wikidata:operating system	Nintendo 3DS system software=0
0	Nintendo DSi system software	Q7039149	wikidata:operating system	Nintendo DSi system software=0
0	NLCD		onet:Data base user interface and query software	NLCD=0|National Land Cover Database=0
0	NMODL		linguist:programming	NMODL=0
0	Noir		linguist:programming	Noir=0|nargo=0
0	Nokia X	Q15814161	wikidata:operating system	Nokia X=0
0	NortonLifeLock cybersecurity		onet:Transaction security and virus protection software	NortonLifeLock cybersecurity=0
0	Not eXactly C	Q1785511	wikidata:programming language	Not eXactly C=0|NXC=0
0	Not Quite C	Q1783709	wikidata:programming language	Not Quite C=0
0	NovaMind Merlin Project Manager		onet:Pattern design software	NovaMind Merlin Project Manager=0
0	NovaStor NovaBACKUP		onet:Backup or archival software	NovaStor NovaBACKUP=0
0	Novell eDirectory	Q1093748	onet:Internet directory services software	Novell eDirectory=0
0	Novell NetWare Management Station		onet:Network monitoring software	Novell NetWare Management Station=0
0	NPM Config		linguist:data	NPM Config=0|npmrc=0
0	NScripter	Q1141970	wikidata:programming language|wikidata:software framework|wikidata:software library	NScripter=0
0	NSIS		linguist:programming	NSIS=0
0	Nslookup		onet:Network monitoring software	Nslookup=0
0	Nushell		linguist:programming	Nushell=0|nu-script=0|nushell-script=0
0	Nutch	Q1372248	wikidata:software library	Nutch=0|Apache Nutch=0
0	Nuvola	Q935968	wikidata:software library	Nuvola=0
0	NWScript		linguist:programming	NWScript=0
0	Nyquist	Q1788197	wikidata:programming language	Nyquist=0
0	O3D	Q776900	wikidata:software library	O3D=0
0	O3spaces Workplace		onet:Document management software	O3spaces Workplace=0
0	OASv2-json		linguist:data	OASv2-json=0
0	OASv2-yaml		linguist:data	OASv2-yaml=0
0	OASv3-json		linguist:data	OASv3-json=0
0	OASv3-yaml		linguist:data	OASv3-yaml=0
0	Oberon		linguist:programming	Oberon=0
0	Oberon	Q1323362	onet:Object or component oriented development software|wikidata:programming language	Oberon=0
0	Oberon	Q1999119	wikidata:operating system	Oberon=0
0	ObjDump		linguist:data	ObjDump=0
0	Object Data Instance Notation		linguist:data	Object Data Instance Notation=0
0	Object database management system ODBMS		onet:Object oriented data base management software	Object database management system ODBMS=0
0	Object Management Group Object Request Broker		onet:Transaction server software	Object Management Group Object Request Broker=0
0	Object oriented development environment		onet:Object or component oriented development software	Object oriented development environment=0
0	Object Pascal	Q633894	wikidata:programming language	Object Pascal=0
0	Object REXX	Q2437099	wikidata:programming language	Object REXX=0
0	Objectif Lune PlanetPress Suite		onet:Document management software	Objectif Lune PlanetPress Suite=0
0	Objective Caml		onet:Object or component oriented development software	Objective Caml=0
0	Objective Decision Contactizer Pro		onet:Data base user interface and query software	Objective Decision Contactizer Pro=0
0	Objective Electronic Document Management		onet:Document management software	Objective Electronic Document Management=0
0	Objective-J	Q1443431	linguist:programming|wikidata:programming language	Objective-J=0|obj-j=0|objectivej=0|objj=0
0	occam	Q838062	wikidata:programming language	occam=0
0	Odyssey Engine	Q2072101	wikidata:software framework|wikidata:software library	Odyssey Engine=0
0	Office Gemini Diamond Vision		onet:Analytical or scientific software	Office Gemini Diamond Vision=0
0	OfficeWork Software TurboProject		onet:Project management software	OfficeWork Software TurboProject=0
0	Ogre3d	Q1073498	wikidata:software framework|wikidata:software library	Ogre3d=0|Object-Oriented Graphics Rendering Engine=0
0	Omgrofl		linguist:programming	Omgrofl=0
0	OMNeT++ MSG		linguist:programming	OMNeT++ MSG=0|omnetpp-msg=0
0	OMNeT++ NED		linguist:programming	OMNeT++ NED=0|omnetpp-ned=0
0	Omni Group OmniGraffle		onet:Pattern design software	Omni Group OmniGraffle=0
0	One pass compiler		onet:Compiler and decompiler software	One pass compiler=0
0	Online traffic calculator		onet:Network monitoring software	Online traffic calculator=0
0	ooc		linguist:programming	ooc=0
0	Open 3D Engine	Q107610458	wikidata:software framework|wikidata:software library	Open 3D Engine=0|O3DE=0
0	Open Design Alliance	Q2445540	wikidata:software library	Open Design Alliance=0
0	Open Dynamics Collabtive		onet:Project management software	Open Dynamics Collabtive=0
0	Open Enterprise Server	Q1197839	wikidata:operating system	Open Enterprise Server=0|OES=0|Novell Open Enterprise Server=0|OpenText Open Enterprise Server=0
0	Open Graphics Library OpenGL		onet:Graphics or photo imaging software	Open Graphics Library OpenGL=0
0	Open Inventor	Q1798124	wikidata:software library	Open Inventor=0
0	OPEN LOOK	Q3371970	wikidata:GUI toolkit|wikidata:software library	OPEN LOOK=0
0	Open Programming Language	Q1700602	wikidata:programming language	Open Programming Language=0|OPL=0
0	Open Shading Language	Q18357621	wikidata:programming language	Open Shading Language=0
0	Open source routing protocols OSPF		onet:Internet protocol IP multimedia subsystem software	Open source routing protocols OSPF=0
0	Open Studio		onet:Enterprise application integration software	Open Studio=0
0	Open Text Web Solutions		onet:Document management software	Open Text Web Solutions=0
0	OpenAPI Specification v2		linguist:data	OpenAPI Specification v2=0|oasv2=0
0	OpenAPI Specification v3		linguist:data	OpenAPI Specification v3=0|oasv3=0
0	OpenBabel	Q612752	wikidata:software library	OpenBabel=0|obabel=0
0	OpenClinica		onet:Data base user interface and query software	OpenClinica=0
0	OpenDocMan		onet:Document management software	OpenDocMan=0
0	OpenEdge Application Server		onet:Application server software	OpenEdge Application Server=0
0	OpenEdge Fathom Replication		onet:Data base management system software	OpenEdge Fathom Replication=0
0	OpenGEU	Q654288	wikidata:operating system	OpenGEU=0
0	OpenGL Extension Wrangler Library	Q3088410	wikidata:software library	OpenGL Extension Wrangler Library=0|GLEW=0
0	OpenGL Utility Library	Q2025441	wikidata:software library	OpenGL Utility Library=0|GLU=0
0	OpenGL Utility Toolkit	Q304094	wikidata:software library	OpenGL Utility Toolkit=0|GLUT=0
0	OpenH264	Q17073139	wikidata:software library	OpenH264=0
0	OpenHAB	Q15837622	wikidata:software framework|wikidata:software library	OpenHAB=0
0	OpenHarmony	Q102553047	wikidata:operating system	OpenHarmony=0
0	OpenJPEG	Q3353118	wikidata:software library	OpenJPEG=0|libopenjp2=0
0	OpenMake Software Meister		onet:Development environment software	OpenMake Software Meister=0
0	OpenMake Software Mojo		onet:Development environment software	OpenMake Software Mojo=0
0	OpenMAX	Q2396434	wikidata:software library	OpenMAX=0|Open Media Acceleration=0
0	Openmodelica	Q24027074	wikidata:programming language	Openmodelica=0
0	openMosix	Q578685	wikidata:operating system	openMosix=0
0	OpenMW	Q21758353	wikidata:software framework|wikidata:software library	OpenMW=0
0	OpenNN	Q17104899	wikidata:software library	OpenNN=0|Open Neural Networks Library=0
0	OpenOffice Base	Q1638446	wikidata:DBMS	OpenOffice Base=0|OpenOffice.org Base=0
0	OpenOffice Basic	Q213259	wikidata:programming language	OpenOffice Basic=0
0	OpenProject	Q14468709	wikidata:software framework|wikidata:software library	OpenProject=0
0	OpenQASM	Q48998901	linguist:programming|wikidata:programming language	OpenQASM=0|Open Quantum Assembly Language=0
0	OpenRC runscript		linguist:programming	OpenRC runscript=0|openrc=0
0	OpenSCAD		linguist:programming	OpenSCAD=0
0	OpenService Open NerveCenter		onet:Network security or virtual private network VPN management software	OpenService Open NerveCenter=0
0	OpenSimulator	Q2025530	wikidata:software framework|wikidata:software library	OpenSimulator=0
0	OpenStep	Q1193981	wikidata:software library	OpenStep=0
0	OpenStep Property List		linguist:data	OpenStep Property List=0
0	OpenType Feature File		linguist:data	OpenType Feature File=0|AFDKO=0
0	OpenVZ	Q990419	wikidata:software framework|wikidata:software library	OpenVZ=0
0	Operating system monitoring		onet:Operating system software	Operating system monitoring=0
0	Operating system process control		onet:Network operating system enhancement software	Operating system process control=0
0	Operating system shells		onet:Operating system software	Operating system shells=0
0	OPNET APMXpert		onet:Network operating system enhancement software	OPNET APMXpert=0
0	OPNET SP Sentinel		onet:Network monitoring software	OPNET SP Sentinel=0
0	Optical network management		onet:Optical network management software	Optical network management=0
0	Oracle Application Development Framework	Q1853309	wikidata:software framework|wikidata:software library	Oracle Application Development Framework=0
0	Oracle Forms	Q744707	wikidata:software framework|wikidata:software library	Oracle Forms=0
0	Oracle Warehouse Builder	Q3354986	onet:Metadata management software	Oracle Warehouse Builder=0|Warehouse Builder=0
0	OrCAD Capture	Q117351896	onet:Computer aided design CAD software	OrCAD Capture=0
0	Origin OS	Q109410952	wikidata:operating system	Origin OS=0|OriginOS=0
0	OS X El Capitan	Q20056454	wikidata:operating system	OS X El Capitan=0|OS X 10.11=0
0	OS X Mavericks	Q13426234	wikidata:operating system	OS X Mavericks=0|OS X 10.9=0|OS X v10.9=0
0	OS X Mountain Lion	Q63734	wikidata:operating system	OS X Mountain Lion=0|Mountain Lion=0|Mac OS X Mountain Lion=0|OS X 10.8=0|OS X v10.8=0
0	OS X Yosemite	Q17107792	wikidata:operating system	OS X Yosemite=0|OS X 10.10=0
0	OS-9	Q2008085	wikidata:operating system	OS-9=0|OS-9000=0
0	OS/360	Q1690495	wikidata:operating system	OS/360=0|Al Ciriello=0
0	OS/390	Q1726891	wikidata:operating system	OS/390=0
0	OS/400	Q1571860	wikidata:operating system	OS/400=0
0	OS/8	Q7072964	wikidata:operating system	OS/8=0|MS/8=0
0	OSx86	Q6047784	wikidata:operating system	OSx86=0
0	OverpassQL		linguist:programming	OverpassQL=0
0	OverPy		linguist:programming	OverPy=0|opy=0
0	Ox		linguist:programming	Ox=0
0	Oxygen Project	Q15657	wikidata:software library	Oxygen Project=0
0	Oxygene	Q910482	linguist:programming|wikidata:programming language	Oxygene=0
0	OxygenOS	Q21041344	wikidata:operating system	OxygenOS=0
0	Palbridge Ubidesk		onet:Project management software	Palbridge Ubidesk=0
0	Palm OS	Q274582	wikidata:operating system	Palm OS=0|PalmOS=0
0	Panda3D	Q2049263	wikidata:software framework|wikidata:software library	Panda3D=0|p3d=0
0	Panorama NovaView		onet:Data base reporting software	Panorama NovaView=0
0	Papyrus		linguist:programming	Papyrus=0
0	ParAccel Analytic Database		onet:Data base management system software	ParAccel Analytic Database=0
0	Parallel Transporter		onet:Data mining software	Parallel Transporter=0
0	Parasoft SOAtest		onet:Program testing software	Parasoft SOAtest=0
0	ParentSquare		onet:Desktop communications software	ParentSquare=0
0	PARI/GP	Q3359573	wikidata:programming language|wikidata:software library	PARI/GP=0
0	Parrot		linguist:programming	Parrot=0
0	Parrot Assembly		linguist:programming	Parrot Assembly=0|pasm=0
0	Parsix	Q2742192	wikidata:operating system	Parsix=0|Parsix GNU/Linux=0
0	PARTHENON		onet:Computer aided design CAD software	PARTHENON=0
0	Partial class generator		onet:Compiler and decompiler software	Partial class generator=0
0	PascalABC.NET	Q4046509	wikidata:programming language	PascalABC.NET=0
0	Password cracker		onet:Transaction security and virus protection software	Password cracker=0
0	Patch and update management		onet:Configuration management software	Patch and update management=0
0	Patient tracking		onet:Data base user interface and query software	Patient tracking=0
0	Pawn	Q1929075	linguist:programming|wikidata:programming language	Pawn=0
0	pcAnywhere		onet:Desktop communications software	pcAnywhere=0
0	PCI Express PCIe		onet:Data base user interface and query software	PCI Express PCIe=0
0	PEG.js		linguist:programming	PEG.js=0
0	Pegasystems SmartBPM		onet:Enterprise resource planning ERP software	Pegasystems SmartBPM=0
0	Pentaho Kettle		onet:Metadata management software	Pentaho Kettle=0
0	Pep8		linguist:programming	Pep8=0
0	Perceptive Software ImageNow		onet:Analytical or scientific software	Perceptive Software ImageNow=0
0	PercipEnz Technologies OnCore-Clinical Research Management OnCore-CRM		onet:Data base user interface and query software	PercipEnz Technologies OnCore-Clinical Research Management OnCore-CRM=0
0	Perforce IMSL	Q1434706	wikidata:software library	Perforce IMSL=0|IMSL=0|IMSL Numerical Libraries=0|RogueWave=0
0	Perl DBI	Q358027	wikidata:software library	Perl DBI=0
0	Personable Workflow DMS		onet:Document management software	Personable Workflow DMS=0
0	Personal computer diagnostic		onet:Program testing software	Personal computer diagnostic=0
0	Phalcon	Q15840357	wikidata:software framework|wikidata:software library|wikidata:web framework	Phalcon=0
0	Phantom OS	Q4119302	wikidata:operating system	Phantom OS=0
0	PhantomJS	Q20712371	onet:Web platform development software	PhantomJS=0
0	Phase Forward Clintrial		onet:Data base user interface and query software	Phase Forward Clintrial=0
0	PhoneGap	Q1704018	onet:Development environment software	PhoneGap=0
0	PHP-GTK	Q254208	wikidata:GUI toolkit|wikidata:software library	PHP-GTK=0
0	PhpWiki	Q1851703	wikidata:software framework|wikidata:software library	PhpWiki=0
0	Phun	Q1581403	wikidata:software framework|wikidata:software library	Phun=0|Algodoo=0
0	PhyreEngine	Q834539	wikidata:software framework|wikidata:software library	PhyreEngine=0
0	Picis CareSuite		onet:Medical software	Picis CareSuite=0
0	PicoLisp	Q7191049	linguist:programming|wikidata:programming language	PicoLisp=0
0	Piet	Q1886145	wikidata:programming language	Piet=0
0	PigLatin		linguist:programming	PigLatin=0
0	Pip Requirements		linguist:data	Pip Requirements=0
0	PixelExperience	Q89532510	wikidata:operating system	PixelExperience=0|Pixel Experience=0
0	pkg-config		linguist:data	pkg-config=0|pkgconf=0
0	Pkl		linguist:programming	Pkl=0
0	PL/0	Q1719128	wikidata:programming language	PL/0=0
0	PL/M	Q2160963	wikidata:programming language	PL/M=0|PL/M-86=0
0	Planbox		onet:Project management software	Planbox=0
0	Planisware		onet:Data base user interface and query software	Planisware=0
0	Plankalkül	Q34280	wikidata:programming language	
0	Planview Process Builder		onet:Enterprise resource planning ERP software	Planview Process Builder=0
0	PlayCanvas	Q18154958	wikidata:software framework|wikidata:software library|wikidata:web framework	PlayCanvas=0
0	PlayStation 3 system software	Q925362	wikidata:operating system	PlayStation 3 system software=0|PS3 system software=0
0	PlayStation 4 system software	Q15205044	wikidata:operating system	PlayStation 4 system software=0|Orbis OS=0|PS4 system software=0|system software for the PlayStation 4=0|system software for the PS4=0|system software of the PlayStation 4=0|system software of the PS4=0
0	PlayStation Portable system software	Q1366936	wikidata:operating system	PlayStation Portable system software=0|PSP system software=0
0	PlayStation Vita system software	Q1103710	wikidata:operating system	PlayStation Vita system software=0|PS Vita system software=0|Vita system software=0
0	PLC code generation		onet:Development environment software	PLC code generation=0|Programmable logic controller code generation=0
0	Plone	Q924422	wikidata:software framework|wikidata:software library|wikidata:web framework	Plone=0
0	plotutils	Q5227142	onet:Development environment software	plotutils=0
0	PLpgSQL		linguist:programming	PLpgSQL=0
0	PLplot	Q7119708	onet:Development environment software	PLplot=0
0	Plug-in file		onet:Web page creation and editing software	Plug-in file=0
0	pm ase QuickBuild		onet:Development environment software	pm ase QuickBuild=0
0	PmWiki	Q1891726	wikidata:software framework|wikidata:software library	PmWiki=0
0	Pocket PC 2002	Q7206413	wikidata:operating system	Pocket PC 2002=0
0	PocketPC 2000	Q21043341	wikidata:operating system	PocketPC 2000=0
0	Pod 6		linguist:prose	Pod 6=0
0	PogoScript		linguist:programming	PogoScript=0
0	Polar		linguist:programming	Polar=0
0	Polaris parallelizing compilers		onet:Compiler and decompiler software	Polaris parallelizing compilers=0
0	Polhemus Fasttrack System		onet:Analytical or scientific software	Polhemus Fasttrack System=0
0	Poll Everywhere		onet:Presentation software	Poll Everywhere=0
0	Pony		linguist:programming	Pony=0
0	Popkin System Architect		onet:Requirements analysis and system architecture software	Popkin System Architect=0
0	Poppler	Q1347022	wikidata:software library	Poppler=0
0	Port scanners		onet:Network monitoring software	Port scanners=0
0	PortAudio	Q3075404	wikidata:software library	PortAudio=0
0	Portlet	Q848460	wikidata:programming language	Portlet=0
0	Portugol		linguist:programming	Portugol=0
0	Poseidon Linux	Q869456	wikidata:operating system	Poseidon Linux=0
0	PostScript 3.1	Q123118531	linguist:markup|onet:Development environment software	PostScript 3.1=0|Adobe PostScript=0|PostScript=0|postscr=0
0	POV-Ray SDL		linguist:programming	POV-Ray SDL=0|pov-ray=0|povray=0
0	PowerBASIC	Q1648571	wikidata:programming language	PowerBASIC=0|Turob Basic=0
0	PowerDesigner		onet:Metadata management software	PowerDesigner=0
0	PowerSoft PowerBuilder		onet:Object or component oriented development software	PowerSoft PowerBuilder=0
0	PPD eLoader		onet:Data base user interface and query software	PPD eLoader=0
0	Praat		linguist:programming	Praat=0
0	PRADO Framework	Q151778	wikidata:software framework|wikidata:software library|wikidata:web framework	PRADO Framework=0
0	Primavera Enterprise Project Portfolio Management		onet:Project management software	Primavera Enterprise Project Portfolio Management=0
0	Primavera P6 Professional Project Management		onet:Project management software	Primavera P6 Professional Project Management=0
0	Printer Command Language	Q845753	wikidata:programming language	Printer Command Language=0
0	ProcessWire	Q3021710	wikidata:software framework|wikidata:software library|wikidata:web framework	ProcessWire=0
0	Procfile		linguist:programming	Procfile=0
0	Proclarity		onet:Data base reporting software	Proclarity=0
0	Program checksumming		onet:Transaction security and virus protection software	Program checksumming=0
0	Programming language one PL/I		onet:Development environment software	Programming language one PL/I=0
0	Project Manager Online ProjectManager.com		onet:Project management software	Project Manager Online ProjectManager.com=0
0	Project Portfolio Management Solution		onet:Data base user interface and query software	Project Portfolio Management Solution=0|Hewlett Packard Project Portfolio Management Solution=0
0	Project.net	Q1769157	onet:Enterprise resource planning ERP software	Project.net=0
0	ProjectLibre	Q580985	onet:Project management software	ProjectLibre=0
0	Projecturf		onet:Project management software	Projecturf=0
0	Prolog	Q163468	linguist:programming|onet:Development environment software|wikidata:programming language	Prolog=0|Programming in Logic=0
0	Promela		linguist:programming	Promela=0
0	Propeller Spin		linguist:programming	Propeller Spin=0
0	Protocol Buffer Text Format		linguist:data	Protocol Buffer Text Format=0|text proto=0|protobuf text format=0
0	Prototype JavaScript Framework	Q746599	wikidata:software framework|wikidata:software library	Prototype JavaScript Framework=0|prototype.js=0
0	Proxmox Virtual Environment	Q344376	wikidata:operating system	Proxmox Virtual Environment=0|PVE=0
0	PSpice	Q2665168	onet:Analytical or scientific software	PSpice=0
0	PSTricks	Q2044737	wikidata:software library	PSTricks=0
0	PTC Creo Parametric		onet:Computer aided design CAD software	PTC Creo Parametric=0
0	PTS-DOS	Q2044798	wikidata:operating system	PTS-DOS=0
0	Pug		linguist:markup	Pug=0
0	PukiWiki	Q10852203	wikidata:software framework|wikidata:software library	PukiWiki=0
0	PulseAudio	Q1466320	wikidata:software library	PulseAudio=0
0	PureBasic	Q2118858	linguist:programming|wikidata:programming language	PureBasic=0
0	puredyne	Q3410942	wikidata:operating system	puredyne=0
0	PuTTY		onet:Access software	PuTTY=0
0	PWB/UNIX	Q3359914	wikidata:operating system	PWB/UNIX=0|Programmer's Workbench=0
0	PyGTK	Q1514769	wikidata:GUI toolkit|wikidata:software library	PyGTK=0
0	PyObjC	Q1421184	wikidata:software library	PyObjC=0
0	Pyret		linguist:programming	Pyret=0
0	Pyrex	Q3411311	wikidata:programming language	Pyrex=0
0	Python console		linguist:programming	Python console=0|pycon=0
0	Python Tools for Visual Studio (PTVS)		onet:Object or component oriented development software	Python Tools for Visual Studio (PTVS)=0
0	Python traceback		linguist:data	Python traceback=0
0	Pywikibot	Q15169668	wikidata:software library	Pywikibot=0|PWB=0|Python MediaWiki Bot Framework=0|pywikipedia=0|Pywikipediabot=0|The Python MediaWiki Bot Framework=0
0	QB64	Q2463067	wikidata:programming language	QB64=0
0	QBasic	Q381247	wikidata:programming language	QBasic=0
0	Qcodo	Q2464608	wikidata:software framework|wikidata:software library|wikidata:web framework	Qcodo=0
0	QMake		linguist:programming	QMake=0
0	qooxdoo	Q1277441	wikidata:software framework|wikidata:software library	qooxdoo=0
0	qpdf	Q7265508	wikidata:software library	qpdf=0
0	QSM SLIM Suite		onet:Data base user interface and query software	QSM SLIM Suite=0
0	Qt Extended	Q2116784	wikidata:operating system	Qt Extended=0
0	Qt Script		linguist:programming	Qt Script=0
0	QuakeC	Q2122062	linguist:programming|wikidata:programming language	QuakeC=0
0	Qualys Cloud Platform		onet:Cloud-based protection or security software	Qualys Cloud Platform=0
0	Quartus Simulation IP		linguist:data	Quartus Simulation IP=0
0	Quartz Composer	Q609180	wikidata:programming language	Quartz Composer=0
0	Quest3D	Q385875	wikidata:software framework|wikidata:software library	Quest3D=0
0	QuickBase business management		onet:Data base user interface and query software	QuickBase business management=0
0	QuickBASIC	Q1056057	linguist:programming|wikidata:programming language	QuickBASIC=0|Microsoft BASIC Professional Development System=0|Microsoft QuickBASIC=0|QB=0|classic qbasic=0|classic quickbasic=0
0	QuickDraw	Q1299822	wikidata:software library	QuickDraw=0
0	QuickTest Professional		onet:Program testing software	QuickTest Professional=0
0	Quint		linguist:programming	Quint=0
0	Rabbit Semiconductor Dynamic C		onet:Compiler and decompiler software	Rabbit Semiconductor Dynamic C=0
0	Racket	Q1254148	linguist:programming|wikidata:programming language	Racket=0|DrRacket=0|DrScheme=0|PLT Scheme=0
0	Radiant AI	Q5030165	wikidata:software framework|wikidata:software library	Radiant AI=0|Radiant A.I.=0|Radiant Story=0
0	Ragel		linguist:programming	Ragel=0|ragel-rb=0|ragel-ruby=0
0	Raku	Q2052676	linguist:programming|wikidata:programming language	Raku=0|Perl 6=0|Perl6=0
0	Rapid-I RapidMiner		onet:Data mining software	Rapid-I RapidMiner=0
0	Rapid7 Nexpose		onet:Transaction security and virus protection software	Rapid7 Nexpose=0
0	Rapira	Q4117140	wikidata:programming language	Rapira=0
0	Rascal		linguist:programming	Rascal=0
0	RAScript		linguist:programming	RAScript=0
0	Ratfor	Q4115288	wikidata:programming language	Ratfor=0|Rational Fortran=0
0	Rational Apex		onet:Configuration management software	Rational Apex=0
0	Rational Build Forge		onet:Configuration management software|onet:Development environment software	Rational Build Forge=0
0	Rational ClearCase		onet:Configuration management software	Rational ClearCase=0
0	Rational ClearQuest		onet:Development environment software	Rational ClearQuest=0
0	Rational Data Architect		onet:Metadata management software	Rational Data Architect=0
0	Rational Functional Tester		onet:Program testing software	Rational Functional Tester=0
0	Rational PurifyPlus		onet:Program testing software	Rational PurifyPlus=0
0	Rational Requirements Composer		onet:Requirements analysis and system architecture software	Rational Requirements Composer=0
0	Rational RequisitePro		onet:Requirements analysis and system architecture software	Rational RequisitePro=0
0	Rational Robot		onet:Program testing software	Rational Robot=0
0	Rational Rose XDE		onet:Development environment software	Rational Rose XDE=0
0	Rational System Architect		onet:Metadata management software	Rational System Architect=0
0	RavenDB	Q97280779	wikidata:DBMS	RavenDB=0
0	Raylib	Q104843174	wikidata:software library	Raylib=0
0	RBS		linguist:data	RBS=0
0	RDoc		linguist:prose	RDoc=0
0	Readline Config		linguist:data	Readline Config=0|inputrc=0
0	Reaktor	Q1417626	wikidata:programming language	Reaktor=0
0	Real Virtuality	Q2511938	wikidata:software framework|wikidata:software library	Real Virtuality=0|Poseidon=0
0	REALBasic	Q795929	linguist:programming|wikidata:programming language	REALBasic=0
0	ReasonLIGO		linguist:programming	ReasonLIGO=0
0	REBOL	Q1359171	linguist:programming|wikidata:programming language	REBOL=0|Relative Expression-Based Object Language=0
0	Record Jar		linguist:data	Record Jar=0
0	ReCrystallize Crystal Reports		onet:Data base reporting software	ReCrystallize Crystal Reports=0
0	Redcode		linguist:programming	Redcode=0
0	REDengine	Q15681815	wikidata:software framework|wikidata:software library	REDengine=0|RED Engine=0
0	Redgate SQL Server		onet:Administration software	Redgate SQL Server=0
0	Redscript		linguist:programming	Redscript=0
0	Refal	Q2626418	wikidata:programming language	Refal=0|Recursive functions algorithmic language=0
0	Refractor Engine	Q288277	wikidata:software framework|wikidata:software library	Refractor Engine=0
0	RegMon		onet:Program testing software	RegMon=0
0	Remote authentication dial-in user service RADIUS		onet:Authentication server software	Remote authentication dial-in user service RADIUS=0
0	Remote Data Capture		onet:Analytical or scientific software	Remote Data Capture=0
0	Remote desktop control		onet:Access software	Remote desktop control=0
0	Remote install server		onet:Network operation system software	Remote install server=0
0	Ren'Py	Q1196014	linguist:programming|wikidata:programming language|wikidata:software framework|wikidata:software library	Ren'Py=0|rpy=0|renpy=0
0	RenderScript		linguist:programming	RenderScript=0
0	RenderWare	Q1377750	wikidata:software framework|wikidata:software library	RenderWare=0
0	Replication Server		onet:Data base management system software	Replication Server=0
0	RequireJS	Q15842219	onet:Web platform development software	RequireJS=0
0	ReScript		linguist:programming	ReScript=0
0	Restructured extended executor REXX		onet:Development environment software	Restructured extended executor REXX=0
0	Retargetable compiler		onet:Compiler and decompiler software	Retargetable compiler=0
0	RethinkDB	Q20890659	wikidata:DBMS	RethinkDB=0
0	RGSS	Q986427	wikidata:programming language	RGSS=0|Ruby Game Scripting System=0
0	Rhai		linguist:programming	Rhai=0
0	Riak	Q2328712	wikidata:DBMS	Riak=0|Basho Riak=0
0	Rice Simulator for ILP Multiprocessors RSIM		onet:Analytical or scientific software	Rice Simulator for ILP Multiprocessors RSIM=0
0	Rich Text Format		linguist:markup	Rich Text Format=0
0	RichFaces	Q677888	wikidata:software framework|wikidata:software library|wikidata:web framework	RichFaces=0
0	Riot Sydney	Q3456271	wikidata:software framework|wikidata:software library	Riot Sydney=0|BigWorld=0|BigWorld Technologies=0|Wargaming Sydney=0
0	RISC OS	Q1202514	wikidata:operating system	RISC OS=0
0	Riverbed Technology		onet:Administration software	Riverbed Technology=0
0	RMarkdown		linguist:prose	RMarkdown=0
0	RMX	Q285845	wikidata:operating system	RMX=0|Intel iRMX86=0|iRMX=0|iRMX-86=0|iRMX86=0
0	Rockbox	Q1143754	wikidata:operating system	Rockbox=0
0	RockWare ArcMap		onet:Map creation software	RockWare ArcMap=0
0	Rockwell RSLogix		onet:Program testing software	Rockwell RSLogix=0
0	Rocq prover	Q1131652	linguist:programming|wikidata:programming language	Rocq prover=0|Coq=0|rocq=0
0	Roff Manpage		linguist:markup	Roff Manpage=0
0	Rogue Wave Software IMSL Numerical Libraries		onet:Analytical or scientific software	Rogue Wave Software IMSL Numerical Libraries=0
0	Root kit detection		onet:Transaction security and virus protection software	Root kit detection=0
0	ROS Interface		linguist:data	ROS Interface=0|rosmsg=0
0	RouterOS Script		linguist:programming	RouterOS Script=0
0	Roxio Retrospect		onet:Backup or archival software	Roxio Retrospect=0
0	RPG Maker	Q260080	wikidata:software framework|wikidata:software library	RPG Maker=0|RPG Tkool=0
0	RPG Maker 2000	Q3275833	wikidata:software framework|wikidata:software library	RPG Maker 2000=0
0	RPG Maker 2003	Q7277472	wikidata:software framework|wikidata:software library	RPG Maker 2003=0
0	RPG Maker MV	Q22128818	wikidata:software framework|wikidata:software library	RPG Maker MV=0
0	RPG Maker VX	Q5241236	wikidata:software framework|wikidata:software library	RPG Maker VX=0
0	RPG Maker XP	Q3276130	wikidata:software framework|wikidata:software library	RPG Maker XP=0
0	RPGLE		linguist:programming	RPGLE=0|ile rpg=0|sqlrpgle=0
0	RPL	Q960361	wikidata:programming language	RPL=0
0	RPM Spec		linguist:data	RPM Spec=0|specfile=0
0	RRDtool	Q1049812	wikidata:DBMS	RRDtool=0
0	RSTS/E	Q2366908	wikidata:operating system	RSTS/E=0
0	RSX-11	Q1637948	wikidata:operating system	RSX-11=0|Resource Sharing eXtension-PDP 11=0
0	RT-11	Q305216	wikidata:operating system	RT-11=0
0	RUNOFF		linguist:markup	RUNOFF=0
0	S-Lang	Q2204463	wikidata:software library	S-Lang=0
0	S60	Q941283	wikidata:software framework|wikidata:software library	S60=0
0	Safe Software FME		onet:Analytical or scientific software	Safe Software FME=0
0	Sage 50 Accounting		onet:Accounting software	Sage 50 Accounting=0
0	Salford Systems CART		onet:Data mining software	Salford Systems CART=0
0	Samsung Experience	Q28829422	wikidata:operating system	Samsung Experience=0
0	Saperion ECM		onet:Document management software	Saperion ECM=0
0	SAS/CONNECT		onet:Enterprise application integration software	SAS/CONNECT=0
0	Sather	Q602012	wikidata:programming language	Sather=0
0	Scaml		linguist:markup	Scaml=0
0	Schematic Composer		onet:Computer aided design CAD software	Schematic Composer=0
0	Schematic editors		onet:Computer aided design CAD software	Schematic editors=0
0	Schoology		onet:Computer based training software	Schoology=0
0	Sciforma		onet:Project management software	Sciforma=0
0	Scilab	Q828742	linguist:programming|wikidata:programming language	Scilab=0
0	Scintilla	Q1420403	wikidata:software library	Scintilla=0
0	ScratchJr	Q18215985	wikidata:programming language	ScratchJr=0|Scratch Junior=0
0	Screaming Frog SEO Spider		onet:Web platform development software	Screaming Frog SEO Spider=0
0	Screencast-O-Matic		onet:Video creation and editing software	Screencast-O-Matic=0
0	Screencastify		onet:Video creation and editing software	Screencastify=0
0	script.aculo.us	Q309509	wikidata:software library	script.aculo.us=0
0	Script.NET	Q820978	wikidata:programming language	Script.NET=0
0	Scriptella	Q7439231	onet:Metadata management software	Scriptella=0
0	Scriptol	Q4049196	wikidata:programming language	Scriptol=0
0	SCUMM	Q836102	wikidata:programming language|wikidata:software framework|wikidata:software library	SCUMM=0|Script Creation Utility for Maniac Mansion=0
0	Searchmetrics Suite		onet:Business intelligence and data analysis software	Searchmetrics Suite=0
0	Secure internet filtering		onet:Transaction security and virus protection software	Secure internet filtering=0
0	Secure shell SSH		onet:Desktop communications software	Secure shell SSH=0
0	Security Esssentials		onet:Transaction security and virus protection software	Security Esssentials=0
0	Security Network Intrusion Prevention System		onet:Network security or virtual private network VPN management software	Security Network Intrusion Prevention System=0
0	Seed7	Q1186348	wikidata:programming language	Seed7=0
0	Seeing Machines faceLAB		onet:Graphical user interface development software	Seeing Machines faceLAB=0
0	Segue SilkPerformer		onet:Program testing software	Segue SilkPerformer=0
0	Seimens Healthineers		onet:Medical software	Seimens Healthineers=0
0	SELinux Policy		linguist:data	SELinux Policy=0|SELinux Kernel Policy Language=0|sepolicy=0
0	SentryOne SQL Sentry		onet:Data base management system software	SentryOne SQL Sentry=0
0	seoClarity		onet:Web platform development software	seoClarity=0
0	Series 30+	Q19599580	wikidata:operating system	Series 30+=0|S30+=0
0	SETL	Q2205923	wikidata:programming language	SETL=0
0	SFML	Q919155	wikidata:software library	SFML=0|Simple and Fast MultiMedia Library=0
0	SGML		onet:Development environment software	SGML=0|Standardized general markup language=0|Standard generalized markup language=0
0	ShaderLab		linguist:programming	ShaderLab=0
0	SharedPlan Software SharedPlan Pro		onet:Project management software	SharedPlan Software SharedPlan Pro=0
0	SharePoint Server		onet:Document management software	SharePoint Server=0
0	Shark 3D	Q458089	wikidata:software framework|wikidata:software library	Shark 3D=0
0	ShellCheck Config		linguist:data	ShellCheck Config=0|shellcheckrc=0
0	Siebel Marketing Resource Management		onet:Customer relationship management CRM software	Siebel Marketing Resource Management=0
0	Siemens Sinumerik	Q1450936	wikidata:operating system	Siemens Sinumerik=0|Sinumerik=0
0	Sierra Scientific Software CRIS		onet:Data base user interface and query software	Sierra Scientific Software CRIS=0
0	Sieve	Q1418686	linguist:programming|wikidata:programming language	Sieve=0
0	Silverstripe CMS	Q653262	wikidata:software framework|wikidata:software library|wikidata:web framework	Silverstripe CMS=0|Silverstripe=0
0	Simple API for XML SAX		onet:Object or component oriented development software	Simple API for XML SAX=0
0	Simple File Verification		linguist:data	Simple File Verification=0|sfv=0
0	SIMSCRIPT	Q7390408	wikidata:programming language	SIMSCRIPT=0
0	Simulation program with integrated circuit emphasis SPICE		onet:Analytical or scientific software	Simulation program with integrated circuit emphasis SPICE=0
0	Simulink DSP Blockset		onet:Analytical or scientific software	Simulink DSP Blockset=0
0	Simulink Fixed-Point Blockset		onet:Analytical or scientific software	Simulink Fixed-Point Blockset=0
0	Sinclair BASIC	Q2074777	wikidata:programming language	Sinclair BASIC=0
0	SINIX	Q1361960	wikidata:operating system	SINIX=0
0	SiSense Prism		onet:Data base reporting software	SiSense Prism=0
0	Sitecore CMS		onet:Content workflow software	Sitecore CMS=0
0	SiteMaster SiteSmart		onet:Data base user interface and query software	SiteMaster SiteSmart=0
0	SiteMinder		onet:Network security or virtual private network VPN management software	SiteMinder=0
0	Sith	Q2011146	wikidata:software framework|wikidata:software library	Sith=0|Sith Engine=0
0	SKILL FMEA		onet:Object or component oriented development software	SKILL FMEA=0
0	Slang		linguist:programming	Slang=0
0	Slido interaction		onet:Network conferencing software	Slido interaction=0
0	Slint		linguist:markup	Slint=0
0	Smali		linguist:programming	Smali=0
0	Smalltalk	Q235086	linguist:programming|onet:Object or component oriented development software|wikidata:programming language	Smalltalk=0
0	Smart card management		onet:Point of sale POS software	Smart card management=0
0	Smarts Network Protocol Manager		onet:Network operating system enhancement software	Smarts Network Protocol Manager=0
0	Smithy		linguist:programming	Smithy=0
0	SMSi Twister Data Integrator		onet:Enterprise application integration software	SMSi Twister Data Integrator=0
0	SmugMug Flickr		onet:Graphics or photo imaging software	SmugMug Flickr=0
0	Sniffer Investigator		onet:Network monitoring software	Sniffer Investigator=0
0	SNOBOL	Q522041	wikidata:programming language	SNOBOL=0
0	Snowdrop	Q13567928	wikidata:software framework|wikidata:software library	Snowdrop=0|Snow Drop=0|Snowdrop engine=0|Ubisoft Snowdrop=0
0	SOAPware EMR		onet:Medical software	SOAPware EMR=0
0	SoftICE	Q2294840	onet:Analytical or scientific software	SoftICE=0
0	Software Automated Build Studio		onet:Development environment software	Software Automated Build Studio=0
0	Software AutomatedQA TestComplete		onet:Program testing software	Software AutomatedQA TestComplete=0
0	Software Change Manager		onet:Data base management system software	Software Change Manager=0
0	Software Configuration and Library Manager SCLM		onet:Configuration management software	Software Configuration and Library Manager SCLM=0
0	Software Control-M		onet:Enterprise application integration software	Software Control-M=0
0	Software distribution management		onet:Administration software	Software distribution management=0
0	Software Recovery Manager RMAN		onet:Backup or archival software	Software Recovery Manager RMAN=0
0	Software Remedy IT Service Management Suite		onet:Helpdesk or call center software	Software Remedy IT Service Management Suite=0
0	Soil Survey Geographic SSURGO		onet:Data base user interface and query software	Soil Survey Geographic SSURGO=0
0	Sonic ESB		onet:Enterprise application integration software	Sonic ESB=0
0	Sonicwall SonicOS Enhanced		onet:Network security or virtual private network VPN management software	Sonicwall SonicOS Enhanced=0
0	Sony Sound Forge		onet:Music or sound editing software	Sony Sound Forge=0
0	Sorenson Media Sorenson Squeeze		onet:Video creation and editing software	Sorenson Media Sorenson Squeeze=0
0	Source 2	Q21658271	wikidata:software framework|wikidata:software library	Source 2=0
0	Source code editor		onet:Program testing software	Source code editor=0
0	Source code migration		onet:Development environment software	Source code migration=0
0	SourcePawn		linguist:programming	SourcePawn=0|sourcemod=0
0	Sparta Systems TrackWise		onet:Compliance software	Sparta Systems TrackWise=0
0	SpectraQuest		onet:Computer aided design CAD software	SpectraQuest=0
0	Speedcoding	Q7475416	wikidata:programming language	Speedcoding=0|Speedcode=0
0	SpiceDB Schema		linguist:data	SpiceDB Schema=0
0	Spline Font Database		linguist:data	Spline Font Database=0
0	Spring Engine	Q1754264	wikidata:software framework|wikidata:software library	Spring Engine=0|TA Spring=0|Total Annihilation: Spring=0
0	Springshare LibGuides		onet:Web platform development software	Springshare LibGuides=0
0	SproutCore	Q2077440	wikidata:software library	SproutCore=0
0	SQF		linguist:programming	SQF=0
0	SQL Anywhere	Q2247564	wikidata:DBMS	SQL Anywhere=0|Adaptive Server Anywhere=0|SQL Anywhere Studio=0|Watcom SQL=0
0	SQL Optimizer for Oracle		onet:Development environment software	SQL Optimizer for Oracle=0
0	SQL Server Express	Q1012765	wikidata:DBMS	SQL Server Express=0
0	SQLObject	Q4918828	wikidata:software library	SQLObject=0
0	SQLPL		linguist:programming	SQLPL=0
0	SQR		onet:Data base management system software	SQR=0|Structured Query Report=0
0	Squeak	Q762464	wikidata:programming language	Squeak=0
0	SRecode Template		linguist:markup	SRecode Template=0
0	SSH Config		linguist:data	SSH Config=0|sshconfig=0|sshdconfig=0|sshd_config=0
0	Stac Software ReachOut		onet:Desktop communications software	Stac Software ReachOut=0
0	Stackless Python	Q1456066	wikidata:programming language	Stackless Python=0
0	Standpipe Studios Vertabase		onet:Project management software	Standpipe Studios Vertabase=0
0	StarLogo	Q4050034	wikidata:programming language	StarLogo=0
0	StartOS	Q671295	wikidata:operating system	StartOS=0|Ylmf OS=0
0	StataCorp Stata		onet:Analytical or scientific software	StataCorp Stata=0
0	StatCom Patient Flow Logistics Enterprise Suite		onet:Medical software	StatCom Patient Flow Logistics Enterprise Suite=0
0	State diagram		onet:Computer aided design CAD software	State diagram=0
0	State Soil Geographic STATSGO Database		onet:Data base user interface and query software	State Soil Geographic STATSGO Database=0
0	Stencyl	Q7607505	wikidata:programming language	Stencyl=0
0	STON		linguist:data	STON=0
0	STOS BASIC	Q1169476	wikidata:programming language	STOS BASIC=0
0	Stratagus	Q1936867	wikidata:software framework|wikidata:software library	Stratagus=0|FreeCraft=0
0	String oriented symbolic language SNOBOL		onet:Development environment software	String oriented symbolic language SNOBOL=0
0	StringTemplate		linguist:markup	StringTemplate=0
0	StudyManager Sponsor Edition		onet:Data base user interface and query software	StudyManager Sponsor Edition=0
0	Stylite eGroupWare		onet:Project management software	Stylite eGroupWare=0
0	Stylus	Q7629737	linguist:markup|wikidata:programming language	Stylus=0
0	SubRip Text		linguist:data	SubRip Text=0
0	Subversion SVN		onet:Development environment software|onet:File versioning software	Subversion SVN=0
0	SugarSS		linguist:markup	SugarSS=0
0	SunOS	Q1208460	wikidata:operating system	SunOS=0|Sun OS=0
0	SunView	Q3430495	wikidata:GUI toolkit|wikidata:software library	SunView=0
0	Super OS	Q3179557	wikidata:operating system	Super OS=0
0	SUPER-UX	Q2665351	wikidata:operating system	SUPER-UX=0|SuperUx=0
0	SuperBASIC	Q1777659	wikidata:programming language	SuperBASIC=0
0	SuperCollider	Q2299598	linguist:programming|wikidata:programming language	SuperCollider=0
0	SurrealQL		linguist:programming	SurrealQL=0|surql=0
0	Survex data		linguist:data	Survex data=0
0	SVGALib	Q3498967	wikidata:software library	SVGALib=0
0	Sway		linguist:programming	Sway=0
0	Sweave		linguist:prose	Sweave=0
0	SWI-Prolog	Q2665141	wikidata:programming language	SWI-Prolog=0
0	SWIG		linguist:programming	SWIG=0
0	Symark PowerBroker		onet:Access software	Symark PowerBroker=0
0	Symbolic debugger		onet:Program testing software	Symbolic debugger=0
0	SymbOS	Q1077493	wikidata:operating system	SymbOS=0|SYmbiosis Multitasking Based Operating System=0
0	SyMetric Sciences SyMetric		onet:Data base user interface and query software	SyMetric Sciences SyMetric=0
0	Symmetrix DMX		onet:Storage networking software	Symmetrix DMX=0
0	SynaMed EMR		onet:Medical software	SynaMed EMR=0
0	Synchronized Multimedia Integration Language	Q1072180	wikidata:programming language	Synchronized Multimedia Integration Language=0|SMIL=0
0	Synplicity Synplify		onet:Analytical or scientific software	Synplicity Synplify=0
0	System 1	Q7663614	wikidata:operating system	System 1=0|Macintosh System Software=0
0	System 6	Q420785	wikidata:operating system	System 6=0|Classic 6=0|Mac OS Classic 6=0|System Software 6=0
0	System 7	Q420384	wikidata:operating system	System 7=0|Macintosh System 7=0|Apple System 7=0|Mac OS 7=0
0	System and data disaster recovery		onet:Backup or archival software	System and data disaster recovery=0
0	System Software 5	Q3509118	wikidata:operating system	System Software 5=0
0	Systems and application deployment and migration		onet:Configuration management software	Systems and application deployment and migration=0
0	Systems and applications migration		onet:Development environment software	Systems and applications migration=0
0	Systems and data disaster recovery		onet:Backup or archival software	Systems and data disaster recovery=0
0	Systems Cisco NetFlow Collection Engine		onet:Network monitoring software	Systems Cisco NetFlow Collection Engine=0
0	Systems Cisco Traffic Analyzer		onet:Network monitoring software	Systems Cisco Traffic Analyzer=0
0	Systems Cisco WCCP		onet:Switch or router software	Systems Cisco WCCP=0|Systems Cisco Web Cache Communication Protocol WCCP=0|Systems Cisco Web Cache Communication Protocol=0
0	Systems CiscoWorks		onet:Administration software	Systems CiscoWorks=0
0	Systems CiscoWorks LAN Management Solution		onet:Administration software	Systems CiscoWorks LAN Management Solution=0
0	Systems GLBP		onet:Switch or router software	Systems GLBP=0|Systems Gateway Load Balancing Protocol GLBP=0|Systems Gateway Load Balancing Protocol=0
0	Systems HSRP		onet:Switch or router software	Systems HSRP=0|Systems Hot Standby Router Protocol HSRP=0|Systems Hot Standby Router Protocol=0
0	Systems Management Server		onet:Enterprise system management software	Systems Management Server=0
0	Systemware		onet:Document management software	Systemware=0
0	tablespace	Q83510	wikidata:DBMS	tablespace=0
0	TACL	Q598722	wikidata:programming language	TACL=0|Tandem Advanced Command Language=0
0	TADS	Q4050562	wikidata:programming language	TADS=0|Text Adventure Development System=0
0	TalendForge		onet:Data base management system software	TalendForge=0
0	Taleo		onet:Human resources software	Taleo=0
0	Tamarin	Q1502873	wikidata:software framework|wikidata:software library	Tamarin=0|ActionScript Virtual Machine=0|AVM2=0
0	Tango Desktop Project	Q1463840	wikidata:software library	Tango Desktop Project=0
0	Tape backup system		onet:Backup or archival software	Tape backup system=0
0	TaskJuggler	Q1758881	onet:Project management software	TaskJuggler=0
0	Tasman	Q1091643	wikidata:software framework|wikidata:software library	Tasman=0
0	Tauri	Q124047549	wikidata:software framework|wikidata:software library	Tauri=0
0	TCPDF	Q2275327	wikidata:software framework|wikidata:software library|wikidata:web framework	TCPDF=0|php-fpdf=0
0	Team City		onet:Development environment software	Team City=0
0	TeamDynamixHE		onet:Project management software	TeamDynamixHE=0
0	Tech QlikView		onet:Business intelligence and data analysis software	Tech QlikView=0
0	Technologies CA Clarity PPM for IT Governance		onet:Project management software	Technologies CA Clarity PPM for IT Governance=0
0	Technologies DBArtisan		onet:Data base management system software	Technologies DBArtisan=0
0	Technologies ERWin Data Modeler		onet:Metadata management software	Technologies ERWin Data Modeler=0
0	TechSmith Morae		onet:Program testing software	TechSmith Morae=0
0	TECO	Q1547448	wikidata:programming language	TECO=0|Tape Editor and COrrector=0|Text Editor and COrrector=0
0	templ		linguist:markup	templ=0
0	TempleOS	Q19961543	wikidata:operating system	TempleOS=0|J Operating System=0|LoseThos=0|SparrowOS=0
0	TENEX	Q2992529	wikidata:operating system	TENEX=0
0	Tenrox Project Workforce Management		onet:Project management software	Tenrox Project Workforce Management=0
0	Terraform Template		linguist:markup	Terraform Template=0
0	Test data generator		onet:Analytical or scientific software	Test data generator=0
0	TestDirector for Quality Center		onet:Program testing software	TestDirector for Quality Center=0
0	TestPartner		onet:Program testing software	TestPartner=0
0	TetraMax ATPG		onet:Analytical or scientific software	TetraMax ATPG=0
0	TeX	Q5301	linguist:markup|wikidata:programming language	TeX=0
0	Texas Instruments Code Composer Studio CCStudio		onet:Development environment software	Texas Instruments Code Composer Studio CCStudio=0
0	Texas Medical Software SpringCharts EMR		onet:Medical software	Texas Medical Software SpringCharts EMR=0
0	Texinfo		linguist:prose	Texinfo=0
0	TextGrid		linguist:data	TextGrid=0
0	Textile		linguist:prose	Textile=0
0	TextMate Properties		linguist:data	TextMate Properties=0|tm-properties=0
0	The Graphic Adventure Creator	Q653222	wikidata:software framework|wikidata:software library	The Graphic Adventure Creator=0|GAC=0|Graphic Adventure Creator=0
0	The Mathworks Control System Toolbox		onet:Analytical or scientific software	The Mathworks Control System Toolbox=0
0	The Mathworks Data Acquisition Toolbox		onet:Analytical or scientific software	The Mathworks Data Acquisition Toolbox=0
0	The Mathworks Embedded Coder		onet:Analytical or scientific software	The Mathworks Embedded Coder=0
0	The MathWorks MATLAB		onet:Analytical or scientific software	The MathWorks MATLAB=0
0	The MathWorks Real-Time Workshop		onet:Analytical or scientific software	The MathWorks Real-Time Workshop=0
0	The MathWorks Signal Processing Toolbox		onet:Analytical or scientific software	The MathWorks Signal Processing Toolbox=0
0	The MathWorks Symbolic Math Toolbox		onet:Analytical or scientific software	The MathWorks Symbolic Math Toolbox=0
0	The MathWorks Wavelet Toolbox		onet:Analytical or scientific software	The MathWorks Wavelet Toolbox=0
0	THE multiprogramming system	Q2629686	wikidata:operating system	THE multiprogramming system=0|THE Operation System=0
0	The Omni Group OmniPlan		onet:Project management software	The Omni Group OmniPlan=0
0	Thomson Reuters FileCabinet CS		onet:Document management software	Thomson Reuters FileCabinet CS=0
0	Thomson Reuters GoFileRoom		onet:Content workflow software	Thomson Reuters GoFileRoom=0
0	ThoughtWorks Studio Mingle		onet:Project management software	ThoughtWorks Studio Mingle=0
0	Threaded code compiler		onet:Compiler and decompiler software	Threaded code compiler=0
0	ThreadWeaver	Q1048775	wikidata:software library	ThreadWeaver=0
0	TI Program		linguist:programming	TI Program=0
0	TI-BASIC	Q1759833	wikidata:programming language	TI-BASIC=0
0	TIBCO Spotfire S+		onet:Business intelligence and data analysis software	TIBCO Spotfire S+=0
0	TIC-80	Q56473777	wikidata:software framework|wikidata:software library	TIC-80=0|TIC80=0
0	Ticket information tracking		onet:Helpdesk or call center software	Ticket information tracking=0
0	TiddlyWiki	Q1144644	wikidata:software framework|wikidata:software library	TiddlyWiki=0
0	Tier generator		onet:Development environment software	Tier generator=0
0	Tigris Cabie		onet:Development environment software	Tigris Cabie=0
0	Tiki Wiki CMS Groupware	Q1410847	wikidata:software framework|wikidata:software library	Tiki Wiki CMS Groupware=0|Tiki=0|TikiWiki=0
0	TimesTen	Q3991449	wikidata:DBMS	TimesTen=0
0	Tiny BASIC	Q586622	wikidata:programming language	Tiny BASIC=0
0	TinyMCE	Q572792	wikidata:software library	TinyMCE=0|Tiny Moxiecode Content Editor=0
0	TinyOS	Q1934217	wikidata:operating system	TinyOS=0
0	TIPA	Q383938	wikidata:software library	TIPA=0
0	Titanium SDK	Q2309714	wikidata:software framework|wikidata:software library	Titanium SDK=0|Titanium=0
0	Tivoli		onet:Access software	Tivoli=0
0	Tivoli NetView Distribution Manager		onet:Filesystem software	Tivoli NetView Distribution Manager=0
0	TKSoftware RCM		onet:Graphical user interface development software	TKSoftware RCM=0
0	TL-Verilog		linguist:programming	TL-Verilog=0
0	TLA		linguist:programming	TLA=0
0	TMDL		linguist:data	TMDL=0|Tabular Model Definition Language=0
0	ToadSoft Toad		onet:Development environment software	ToadSoft Toad=0
0	Toit		linguist:programming	Toit=0
0	TokenX		onet:Data mining software	TokenX=0
0	Tolk		linguist:programming	Tolk=0
0	TOML		linguist:data	TOML=0
0	Tool command language Tcl		onet:Development environment software	Tool command language Tcl=0
0	TOPAZ Enterprise Software Suite		onet:Data base user interface and query software	TOPAZ Enterprise Software Suite=0
0	TopLink	Q339461	wikidata:software framework|wikidata:software library	TopLink=0
0	Topobase		onet:Data base user interface and query software	Topobase=0
0	TOPS-20	Q1481861	wikidata:operating system	TOPS-20=0|Twenex=0
0	Tor Config		linguist:data	Tor Config=0|torrc=0
0	TOTE code		onet:Development environment software	TOTE code=0
0	Tpump		onet:Data mining software	Tpump=0
0	TR-DOS	Q1963389	wikidata:operating system	TR-DOS=0
0	TRAC	Q2842324	wikidata:programming language	TRAC=0|Text Reckoning And Compiling=0
0	Trac	Q765385	wikidata:software framework|wikidata:software library	Trac=0
0	Traffic shapers		onet:Network operating system enhancement software	Traffic shapers=0
0	transact-structural query language T-SQL		onet:Data base management system software	transact-structural query language T-SQL=0
0	Transaction Processing Facility	Q1426122	wikidata:operating system	Transaction Processing Facility=0|TPF=0
0	Transparent Interconnection of Lots of Links TRILL		onet:Switch or router software	Transparent Interconnection of Lots of Links TRILL=0
0	Tree-sitter Query		linguist:programming	Tree-sitter Query=0|tsq=0
0	Treeno Software Treeno Content Server		onet:Document management software	Treeno Software Treeno Content Server=0
0	Trend Micro TippingPoint		onet:Network security and virtual private network VPN equipment software	Trend Micro TippingPoint=0
0	TressFX	Q21463683	wikidata:software library	TressFX=0
0	Trimble Pathfinder Office		onet:Map creation software	Trimble Pathfinder Office=0
0	Trimble SketchUp Pro		onet:Graphics or photo imaging software	Trimble SketchUp Pro=0
0	TRIPOS	Q2140719	wikidata:operating system	TRIPOS=0
0	TRSDOS	Q3512353	wikidata:operating system	TRSDOS=0|Tandy Radio Shack - Disk Operating System=0
0	True BASIC	Q489525	wikidata:programming language	True BASIC=0
0	TrueNAS	Q1328132	wikidata:operating system	TrueNAS=0|FreeNAS=0
0	TSPLIB data		linguist:data	TSPLIB data=0|travelling salesman problem=0|traveling salesman problem=0
0	TSV		linguist:data	TSV=0|tab-seperated values=0
0	TTCN	Q2007031	wikidata:programming language	TTCN=0|Testing and Test Control Notation=0
0	TTCN-3	Q491174	wikidata:programming language	TTCN-3=0
0	Turbo Basic	Q1306585	wikidata:programming language	Turbo Basic=0|PowerBASIC=0
0	Turbo Pascal	Q473201	wikidata:programming language	Turbo Pascal=0
0	Turbo-BASIC XL	Q1753898	wikidata:programming language	Turbo-BASIC XL=0
0	TurboGears	Q937689	wikidata:software framework|wikidata:software library|wikidata:web framework	TurboGears=0
0	TurboWarp	Q108540806	wikidata:programming language	TurboWarp=0
0	Turtle		linguist:data	Turtle=0
0	TWiki	Q611744	onet:Content workflow software|wikidata:software framework|wikidata:software library	TWiki=0
0	Twine	Q15411624	wikidata:software framework|wikidata:software library	Twine=0
0	TXL		linguist:programming	TXL=0
0	TypeSpec		linguist:programming	TypeSpec=0|tsp=0
0	TYPO3	Q618512	wikidata:software framework|wikidata:software library|wikidata:web framework	TYPO3=0|Typo3 CMS=0
0	Typst		linguist:programming	Typst=0|typ=0
0	UbiArt Framework	Q17640230	wikidata:software framework|wikidata:software library	UbiArt Framework=0
0	Ubuntu for Android	Q39308	wikidata:operating system	Ubuntu for Android=0
0	Ubuntu GNOME	Q13402878	wikidata:operating system	Ubuntu GNOME=0|Ubuntu GNOME Remix=0
0	UCBLogo	Q3547135	wikidata:programming language	UCBLogo=0
0	uClibc	Q284593	wikidata:software library	uClibc=0
0	ucode		linguist:programming	ucode=0
0	UCSD Pascal	Q176984	wikidata:programming language	UCSD Pascal=0
0	Ultimate++	Q387705	wikidata:GUI toolkit|wikidata:software framework|wikidata:software library	Ultimate++=0
0	Ultrix	Q542726	wikidata:operating system	Ultrix=0
0	Unawave		onet:Project management software	Unawave=0
0	Unica Enterprise		onet:Financial analysis software	Unica Enterprise=0
0	Unicon	Q3279945	wikidata:programming language	Unicon=0
0	UNICOS	Q1752081	wikidata:operating system	UNICOS=0
0	Unidata Network common data form NetCDF		onet:Development environment software	Unidata Network common data form NetCDF=0
0	Uniface	Q2143563	wikidata:programming language	Uniface=0
0	Unigine	Q2564057	wikidata:software framework|wikidata:software library	Unigine=0
0	Unity Technologies Unity		onet:Development environment software	Unity Technologies Unity=0
0	Unity3D Asset		linguist:data	Unity3D Asset=0
0	Universal Content Management		onet:Document management software	Universal Content Management=0
0	Unix Assembly		linguist:programming	Unix Assembly=0|gnu asm=0|unix asm=0
0	UNIX System III	Q1664482	wikidata:operating system	UNIX System III=0|AT&T UNIX System III=0|System III=0
0	UNIX System V	Q633192	wikidata:operating system	UNIX System V=0|AT&T UNIX System V=0|System V=0|SysV=0
0	UNIX/32V	Q3066702	wikidata:operating system	UNIX/32V=0
0	Unlambda	Q670180	wikidata:programming language	Unlambda=0
0	Unobtrusive JavaScript	Q2298909	wikidata:programming language	Unobtrusive JavaScript=0
0	Unreal Engine 2	Q13156650	wikidata:software framework|wikidata:software library	Unreal Engine 2=0|UE 2=0
0	Unreal Engine 3	Q13156651	wikidata:software framework|wikidata:software library	Unreal Engine 3=0|UE 3=0
0	Unreal Technology Unreal Engine		onet:Development environment software	Unreal Technology Unreal Engine=0
0	UnrealScript	Q1191442	linguist:programming|wikidata:programming language	UnrealScript=0|UScript=0
0	Untyped Plutus Core		linguist:programming	Untyped Plutus Core=0
0	Unununium	Q3552052	wikidata:operating system	Unununium=0
0	URBI	Q2084386	wikidata:programming language	URBI=0
0	UseModWiki	Q620494	wikidata:software framework|wikidata:software library	UseModWiki=0|UseMod=0
0	User Mode Driver Framework	Q4820732	wikidata:software framework|wikidata:software library	User Mode Driver Framework=0|UMDF=0|Windows User Mode Driver Framework=0
0	UserZoom		onet:Program testing software	UserZoom=0
0	Vaadin	Q1400683	wikidata:software framework|wikidata:software library|wikidata:web framework	Vaadin=0
0	Vala	Q1138939	linguist:programming|wikidata:programming language	Vala=0
0	Valve Data Format		linguist:data	Valve Data Format=0|keyvalues=0|vdf=0
0	Vassal Engine	Q1276959	wikidata:software framework|wikidata:software library	Vassal Engine=0|VassalEngine=0|vassalengine.org=0
0	vCard		linguist:data	vCard=0|virtual contact file=0|electronic business card=0
0	VCL		linguist:programming	VCL=0
0	Vector 35 Binary Ninja		onet:Compiler and decompiler software	Vector 35 Binary Ninja=0
0	Vector Software VectorCast		onet:Program testing software	Vector Software VectorCast=0
0	Venix	Q4052638	wikidata:operating system	Venix=0
0	Vento		linguist:markup	Vento=0
0	Verge3D	Q48815741	wikidata:software framework|wikidata:software library|wikidata:web framework	Verge3D=0
0	Versatile Real-Time Executive	Q372163	wikidata:operating system	Versatile Real-Time Executive=0|VRTX=0
0	Version 6 Unix	Q3547270	wikidata:operating system	Version 6 Unix=0|6th Edition Research Unix=0|Research Unix Edition 6=0|UNIX Time-Sharing System V6=0
0	Version 7 Unix	Q2740168	wikidata:operating system	Version 7 Unix=0|7th Edition Research Unix=0|Research Unix Edition 7=0|UNIX Time-Sharing System V7=0
0	Vertafore ImageRight		onet:Data base user interface and query software	Vertafore ImageRight=0
0	Very high-speed integrated circuit VHDL		onet:Development environment software	Very high-speed integrated circuit VHDL=0|Very high-speed integrated circuit VHSIC hardware description language=0
0	VHSIC hardware description language VHDL simulation		onet:Analytical or scientific software	VHSIC hardware description language VHDL simulation=0|Very high speed integrated circuit hardware description language VHDL simulation=0
0	Video for Windows	Q1370703	wikidata:software framework|wikidata:software library	Video for Windows=0
0	Vignette Content Management		onet:Content workflow software	Vignette Content Management=0
0	Vignette Portal		onet:Portal server software	Vignette Portal=0
0	Vim Snippet		linguist:markup	Vim Snippet=0|SnipMate=0|UltiSnip=0|UltiSnips=0|NeoSnippet=0
0	Vimscript	Q7931258	wikidata:programming language	Vimscript=0|VimL=0
0	Vinux	Q2893624	wikidata:operating system	Vinux=0
0	Virage VS Archive		onet:Document management software	Virage VS Archive=0
0	Virtual Battlespace 2 VBS2		onet:Analytical or scientific software	Virtual Battlespace 2 VBS2=0
0	Virtual local area network management		onet:Network security or virtual private network VPN management software	Virtual local area network management=0
0	Virtual Theatre	Q596572	wikidata:software framework|wikidata:software library	Virtual Theatre=0
0	Virtuoso Layout Suite		onet:Computer aided design CAD software	Virtuoso Layout Suite=0
0	Virtuoso Spectre Circuit Simulator		onet:Analytical or scientific software	Virtuoso Spectre Circuit Simulator=0
0	Virus scanning		onet:Transaction security and virus protection software	Virus scanning=0
0	VirusScan		onet:Transaction security and virus protection software	VirusScan=0
0	VISCII	Q1811300	wikidata:software framework|wikidata:software library	VISCII=0|Vietnamese Standard Code for Information Interchange=0
0	Visible Razor		onet:Configuration management software	Visible Razor=0
0	VisiCalc	Q725401	wikidata:programming language	VisiCalc=0
0	VISICU eICU Program		onet:Medical software	VISICU eICU Program=0
0	Visopsys	Q595656	wikidata:operating system	Visopsys=0
0	Visual Basic 6.0		linguist:programming	Visual Basic 6.0=0|vb6=0|vb 6=0|visual basic 6=0|visual basic classic=0
0	Visual Basic Scripting Edition VBScript		onet:Development environment software	Visual Basic Scripting Edition VBScript=0
0	Visual Basic.NET		onet:Object or component oriented development software	Visual Basic.NET=0
0	Visual Basic.NET CF		onet:Object or component oriented development software	Visual Basic.NET CF=0|Visual Basic.NET Compact Framework CF=0|Visual Basic.NET Compact Framework=0
0	Visual C# .NET		onet:Object or component oriented development software	Visual C# .NET=0
0	Visual Cafe		onet:Development environment software	Visual Cafe=0
0	Visual Component Library	Q385715	wikidata:software library	Visual Component Library=0
0	Visual DialogScript	Q2715148	wikidata:programming language	Visual DialogScript=0
0	Visual FoxPro	Q753868	onet:Object oriented data base management software|wikidata:programming language	Visual FoxPro=0|Microsoft Visual FoxPro=0
0	Visual InterDev	Q4052749	onet:Web platform development software	Visual InterDev=0|Microsoft Visual InterDev=0
0	Visual J++	Q973097	onet:Development environment software|wikidata:programming language	Visual J++=0|Microsoft Visual J++=0
0	Visual Objects	Q1309721	wikidata:programming language	Visual Objects=0
0	Visual Paradigm DB Visual ARCHITECT		onet:Process mapping and design software	Visual Paradigm DB Visual ARCHITECT=0
0	Visual Prolog	Q627600	wikidata:programming language	Visual Prolog=0
0	Visual Studio Test Professional		onet:Program testing software	Visual Studio Test Professional=0
0	Visual Studio.NET		onet:Development environment software	Visual Studio.NET=0
0	Vitria M3O Operational Intelligence		onet:Enterprise resource planning ERP software	Vitria M3O Operational Intelligence=0
0	VME PowerPC VxWorks		onet:Operating system software	VME PowerPC VxWorks=0
0	VMWare ESX Server		onet:Application server software	VMWare ESX Server=0
0	VMWare Workstation		onet:Operating system software	VMWare Workstation=0
0	Voice over internet protocol VoIP system		onet:Internet protocol IP multimedia subsystem software	Voice over internet protocol VoIP system=0
0	Volt		linguist:programming	Volt=0
0	Volume Shadow Copy Service		onet:Backup or archival software	Volume Shadow Copy Service=0
0	VSCOnline VPMi		onet:Project management software	VSCOnline VPMi=0
0	VSE	Q289345	wikidata:operating system	VSE=0|DOS/VSE=0|Z/Virtual System Environment=0|z/VSE=0
0	Vulkan Graphics API		onet:Video creation and editing software	Vulkan Graphics API=0
0	vvvv	Q2535515	wikidata:programming language	vvvv=0
0	Vyper		linguist:programming	Vyper=0
0	W3C Geolocation API	Q1585009	wikidata:software library	W3C Geolocation API=0|Geolocation API=0
0	Waikato Environment for Knowledge Analysis Weka		onet:Graphical user interface development software	Waikato Environment for Knowledge Analysis Weka=0
0	Wavefront Material		linguist:data	Wavefront Material=0
0	Wavefront Object		linguist:data	Wavefront Object=0
0	WBS Goplan		onet:Project management software	WBS Goplan=0
0	Web Ontology Language		linguist:data	Web Ontology Language=0
0	Web service definition language WDSL		onet:Development environment software	Web service definition language WDSL=0
0	web widget	Q901543	wikidata:GUI toolkit|wikidata:software library	web widget=0
0	web2project		onet:Project management software	web2project=0
0	web2py	Q286180	wikidata:software framework|wikidata:software library|wikidata:web framework	web2py=0
0	Webconverger	Q2002261	wikidata:operating system	Webconverger=0
0	WebFOCUS		onet:Enterprise application integration software	WebFOCUS=0
0	WebIDL		linguist:programming	WebIDL=0
0	WebObjects	Q1928563	wikidata:software framework|wikidata:software library|wikidata:web framework	WebObjects=0
0	Websense Data Loss Prevention		onet:Network security or virtual private network VPN management software	Websense Data Loss Prevention=0
0	WebSpeed Workshop		onet:Web platform development software	WebSpeed Workshop=0
0	WebSphere MQ		onet:Cloud-based management software	WebSphere MQ=0
0	WebTrends Analytics		onet:Analytical or scientific software	WebTrends Analytics=0
0	WebVTT		linguist:data	WebVTT=0|vtt=0
0	Westbrook Fortis		onet:Document management software	Westbrook Fortis=0
0	WeVideo		onet:Video creation and editing software	WeVideo=0
0	Wget Config		linguist:data	Wget Config=0|wgetrc=0
0	Whiley		linguist:programming	Whiley=0
0	Wii U system software	Q15628543	wikidata:operating system	Wii U system software=0|Wii U operating system=0|Cafe OS=0
0	Wiki.js	Q28957083	wikidata:software framework|wikidata:software library	Wiki.js=0
0	Wikibase	Q16354758	wikidata:DBMS|wikidata:software framework|wikidata:software library	Wikibase=0|Help:Wikibase=0
0	WikkaWiki	Q2143443	wikidata:software framework|wikidata:software library	WikkaWiki=0
0	WildPackets OmniPeek Network Analyzer		onet:Network monitoring software	WildPackets OmniPeek Network Analyzer=0
0	Win CE		onet:Operating system software	Win CE=0
0	Win32 Message File		linguist:data	Win32 Message File=0
0	Win32s	Q1133567	wikidata:software library	Win32s=0
0	Wind River Systems C/C++ Compiler Suite		onet:Development environment software	Wind River Systems C/C++ Compiler Suite=0
0	Wind River Systems VxWorks		onet:Operating system software	Wind River Systems VxWorks=0
0	Wind River VxWorks		onet:Operating system software	Wind River VxWorks=0
0	Windows 1.0	Q58378	wikidata:operating system	Windows 1.0=0|Windows 1.01=0|Windows 1.03=0|Microsoft Windows 1.0=0|Windows 1.00=0|Windows 1.02=0|Windows 1.04=0
0	Windows 2.0	Q485021	wikidata:operating system	Windows 2.0=0|Microsoft Windows 2.0=0|Windows 2.00=0|Windows 2.01=0|Windows 2.02=0|Windows 2.03=0
0	Windows 2.1	Q1209367	wikidata:operating system	Windows 2.1=0|Windows 2.1x=0|Windows/286=0|Windows/386=0|Windows/486=0
0	Windows 3.0	Q491546	wikidata:operating system	Windows 3.0=0|Windows 3.00=0|Windows 3.01=0|Windows 3.03=0
0	Windows 3.1x	Q29017752	wikidata:operating system	Windows 3.1x=0
0	Windows 3.x	Q737508	wikidata:operating system	Windows 3.x=0|Microsoft Windows 3.x=0
0	Windows 8	Q5046	wikidata:operating system	Windows 8=0
0	Windows 8.1	Q3569290	wikidata:operating system	Windows 8.1=0|Microsoft Windows 8.1x=0|Windows 8.1x=0
0	Windows 95	Q83370	wikidata:operating system	Windows 95=0|Microsoft Windows 95=0
0	Windows App Studio	Q17089974	wikidata:programming language	Windows App Studio=0|Windows Phone App Studio=0
0	Windows CE 5.0	Q2427309	wikidata:operating system	Windows CE 5.0=0
0	Windows Console	Q2994643	wikidata:GUI toolkit|wikidata:software library	Windows Console=0
0	Windows Embedded Automotive	Q1385958	wikidata:operating system	Windows Embedded Automotive=0
0	Windows Embedded CE 6.0	Q1152115	wikidata:operating system	Windows Embedded CE 6.0=0
0	Windows Embedded Compact	Q488244	onet:Operating system software|wikidata:operating system	Windows Embedded Compact=0|Microsoft Windows CE=0|WinCE=0|Windows CE=0|Windows Embedded CE=0|Windows Embedded Compact efficient=0
0	Windows Embedded Compact 7	Q1087636	wikidata:operating system	Windows Embedded Compact 7=0
0	Windows Embedded Industry	Q3277228	wikidata:operating system	Windows Embedded Industry=0
0	Windows Essential Business Server 2008	Q961486	wikidata:operating system	Windows Essential Business Server 2008=0
0	Windows for Workgroups 3.11	Q1996630	wikidata:operating system	Windows for Workgroups 3.11=0|WfW 3.11=0
0	Windows Fundamentals for Legacy PCs	Q719171	wikidata:operating system	Windows Fundamentals for Legacy PCs=0
0	Windows Hardware Lab Kit	Q2183844	wikidata:software framework|wikidata:software library	Windows Hardware Lab Kit=0|Windows Hardware Certification Kit=0|Windows HCK=0|Windows HLK=0|Windows Logo Kit=0|WLK=0
0	Windows Home Server	Q33499	wikidata:operating system	Windows Home Server=0|Microsoft Windows Home Server=0
0	Windows Home Server 2011	Q1665888	wikidata:operating system	Windows Home Server 2011=0
0	Windows kernel debuggers		onet:Program testing software	Windows kernel debuggers=0
0	Windows Media	Q1189357	wikidata:software framework|wikidata:software library	Windows Media=0
0	Windows Mobile 2003	Q8024430	wikidata:operating system	Windows Mobile 2003=0|Pocket PC 2003=0
0	Windows Mobile 5.0	Q8024431	wikidata:operating system	Windows Mobile 5.0=0
0	Windows Mobile 6.0	Q4163181	wikidata:operating system	Windows Mobile 6.0=0
0	Windows Mobile 6.1	Q8024432	wikidata:operating system	Windows Mobile 6.1=0
0	Windows Mobile 6.5	Q8024433	wikidata:operating system	Windows Mobile 6.5=0
0	Windows Nashville	Q1064344	wikidata:operating system	Windows Nashville=0|Microsoft Windows '96=0|Microsoft Windows 1996=0|Win96=0|Windows '96=0|Windows 1996=0|Windows 4.1=0
0	Windows Neptune	Q828318	wikidata:operating system	Windows Neptune=0|Microsoft Neptune=0|Microsoft Windows Neptune=0|Win2001=0|Windows 2001=0
0	Windows NT 3.1	Q748319	wikidata:operating system	Windows NT 3.1=0|Windows NT 3.1x=0|Microsoft Windows NT 3.1=0
0	Windows NT 3.5	Q771202	wikidata:operating system	Windows NT 3.5=0|Microsoft Windows 3.5=0|Win3.5=0|Windows 3.5=0
0	Windows NT 3.51	Q858368	wikidata:operating system	Windows NT 3.51=0|Microsoft Windows 3.51=0|Win3.51=0|Windows 3.51=0
0	Windows NT 4.0	Q488978	wikidata:operating system	Windows NT 4.0=0|Microsoft Windows NT 4.0=0|Windows NT 96=0
0	Windows Odyssey	Q1193687	wikidata:operating system	Windows Odyssey=0
0	Windows PowerShell		onet:Operating system software	Windows PowerShell=0
0	Windows Pre-installation Environment		onet:Operating system software	Windows Pre-installation Environment=0
0	Windows Registry Entries		linguist:data	Windows Registry Entries=0
0	Windows RT	Q17424	wikidata:operating system	Windows RT=0
0	Windows SDK		onet:Development environment software	Windows SDK=0
0	Windows Server 2003	Q11246	wikidata:operating system	Windows Server 2003=0|Microsoft Windows Server 2003=0|Win2003=0|Windows 2003=0|Windows 2003 Server=0
0	Windows Server 2012 R2	Q15222398	wikidata:operating system	Windows Server 2012 R2=0
0	Windows Sysprep		onet:Configuration management software	Windows Sysprep=0
0	Windows Template Library	Q553850	wikidata:software library	Windows Template Library=0|WTL=0
0	Windows Terminal Services Access Manager		onet:Gateway software	Windows Terminal Services Access Manager=0
0	Windows Vista Business		onet:Operating system software	Windows Vista Business=0
0	Windows Workflow Foundation	Q1154450	wikidata:software framework|wikidata:software library	Windows Workflow Foundation=0
0	Windows XP		onet:Operating system software	Windows XP=0
0	Windows XP Embedded	Q1087971	wikidata:operating system	Windows XP Embedded=0|Windows Embedded for Point of Service=0|Windows Embedded POSReady 2009=0|Windows Embedded Standard=0|Windows Embedded Standard 2009=0
0	Windows XP Media Center Edition	Q2643528	wikidata:operating system	Windows XP Media Center Edition=0|Windows XP Media Center Edition 2005=0|Windows XP Media Center Edition 2006=0
0	Windows XP Professional		onet:Operating system software	Windows XP Professional=0
0	Windows XP Professional x64 Edition	Q245793	wikidata:operating system	Windows XP Professional x64 Edition=0
0	Windows XP Tablet PC Edition	Q7886748	wikidata:operating system	Windows XP Tablet PC Edition=0
0	Windows-1250	Q1672210	wikidata:software framework|wikidata:software library	Windows-1250=0|BBC-1250=0|CP1250=0|code page 1250=0|Windows Latin 2=0
0	Windows-1251	Q1748665	wikidata:software framework|wikidata:software library	Windows-1251=0|Code page 1251=0|CP1251=0
0	Windows-1252	Q2736131	wikidata:software framework|wikidata:software library	Windows-1252=0|Code page 1252=0|CP1252=0
0	Windows-1253	Q839931	wikidata:software framework|wikidata:software library	Windows-1253=0|Code page 1253=0|CP1253=0
0	Windows-1254	Q1425708	wikidata:software framework|wikidata:software library	Windows-1254=0|Code page 1254=0|CP1254=0
0	Windows-1256	Q825466	wikidata:software framework|wikidata:software library	Windows-1256=0|Code page 1256=0|CP1256=0
0	Windows 10 Mobile	Q18845397	wikidata:operating system	Windows Phone 8.2=0|Windows Phone 9=0
0	WinJS	Q16689197	wikidata:software framework|wikidata:software library	WinJS=0
0	WinMerge		onet:File versioning software	WinMerge=0
0	WinRunner		onet:Program testing software	WinRunner=0
0	Wintermute Engine	Q841283	wikidata:software framework|wikidata:software library	Wintermute Engine=0|WME=0
0	WiredTiger	Q28455218	wikidata:DBMS|wikidata:software library	WiredTiger=0
0	WisdomForce DatabaseSync System		onet:Metadata management software	WisdomForce DatabaseSync System=0
0	Wise Solutions Wise for Windows Installer		onet:Configuration management software	Wise Solutions Wise for Windows Installer=0
0	wisp		linguist:programming	wisp=0
0	Witcher Script		linguist:programming	Witcher Script=0
0	WizSoft WizWhy		onet:Data mining software	WizSoft WizWhy=0
0	WMLScript	Q924660	wikidata:programming language	WMLScript=0
0	wolfSSL	Q5197351	wikidata:software library	wolfSSL=0|CyaSSL=0|yaSSL=0|yet another SSL=0
0	Wollok		linguist:programming	Wollok=0
0	Woodward MotoTron Control Solutions MotoHawk		onet:Development environment software	Woodward MotoTron Control Solutions MotoHawk=0
0	WoodWing		onet:Web platform development software	WoodWing=0
0	WordBASIC	Q2593394	wikidata:programming language	WordBASIC=0
0	World of Warcraft Addon Data		linguist:data	World of Warcraft Addon Data=0
0	Wren		linguist:programming	Wren=0|wrenlang=0
0	wxPython	Q284522	wikidata:GUI toolkit|wikidata:software library	wxPython=0
0	wxWidgets	Q284982	wikidata:GUI toolkit|wikidata:software library	wxWidgets=0|Windows and X widgets=0|wxWindows=0
0	X BitMap		linguist:data	X BitMap=0|xbm=0
0	X Font Directory Index		linguist:data	X Font Directory Index=0
0	X PixMap		linguist:data	X PixMap=0|xpm=0
0	X++	Q4053269	wikidata:programming language	X++=0
0	X-Ray Engine	Q1984445	wikidata:software framework|wikidata:software library	X-Ray Engine=0
0	x264	Q284875	wikidata:software library	x264=0
0	Xaw	Q2499296	wikidata:GUI toolkit|wikidata:software library	Xaw=0|Athena Widgets toolkit=0|libXaw=0|X Athena Widgets=0
0	xBase		linguist:programming	xBase=0|advpl=0
0	XBase++	Q1753410	wikidata:programming language	XBase++=0
0	Xbox 360 system software	Q1103226	wikidata:operating system	Xbox 360 system software=0|Xbox 360 Dashboard=0|Xbox 360 OS=0
0	XCB	Q1557445	wikidata:software library	XCB=0|libxcb=0|X C Binding=0|X protocol C-language Binding=0
0	XCompose		linguist:data	XCompose=0
0	XDoclet	Q1623494	wikidata:software library	XDoclet=0
0	Xebian	Q3250835	wikidata:operating system	Xebian=0|Xebian Sid=0
0	Xerces2 Java Parser		onet:Development environment software	Xerces2 Java Parser=0
0	Xerox DocuShare	Q523981	onet:Document management software	Xerox DocuShare=0|DocuShare=0
0	XForms	Q1096034	wikidata:GUI toolkit|wikidata:software library	XForms=0|Forms Library=0|Forms Library for X=0|XForms Toolkit=0
0	Xft	Q2273847	wikidata:software library	Xft=0
0	xine	Q283678	wikidata:software framework|wikidata:software library	xine=0
0	Xinu	Q615787	wikidata:operating system	Xinu=0
0	Xlib	Q1579570	wikidata:software library	Xlib=0|libX11=0
0	Xmake		linguist:programming	Xmake=0
0	XML authoring		onet:Enterprise application integration software	XML authoring=0
0	XML Path Language XPATH		onet:Development environment software	XML Path Language XPATH=0
0	XML Property List		linguist:data	XML Property List=0
0	XML User Interface Language	Q726218	wikidata:programming language	XML User Interface Language=0|ZOOL=0
0	XnGine	Q1976122	wikidata:software framework|wikidata:software library	XnGine=0
0	Xojo	Q14378091	linguist:programming|wikidata:programming language	Xojo=0
0	Xonsh		linguist:programming	Xonsh=0
0	XOOPS	Q1134931	wikidata:software framework|wikidata:software library|wikidata:web framework	XOOPS=0
0	XOTcl	Q4053333	wikidata:programming language	XOTcl=0
0	XPages		linguist:data	XPages=0
0	Xplanner		onet:Data base user interface and query software	Xplanner=0
0	XProc	Q1571494	linguist:programming|wikidata:programming language	XProc=0
0	XQuery	Q850661	linguist:programming|onet:Data base user interface and query software|wikidata:programming language	XQuery=0
0	XST		onet:Analytical or scientific software	XST=0|Synthesis Technology XST=0|Synthesis Technology=0
0	Xtend	Q1691738	linguist:programming|wikidata:programming language	Xtend=0
0	XUI		onet:Development environment software	XUI=0|XML User Interface=0
0	xv6	Q4053414	wikidata:operating system	xv6=0
0	XView	Q648697	wikidata:GUI toolkit|wikidata:software library	XView=0
0	XWiki	Q526699	wikidata:software framework|wikidata:software library	XWiki=0
0	XyMTeX	Q4021883	wikidata:software library	XyMTeX=0
0	Xythos Enterprise Document Management Suite		onet:Document management software	Xythos Enterprise Document Management Suite=0
0	yawl	Q2164484	wikidata:programming language	yawl=0|Yet Another Workflow Language=0
0	Yii	Q1466168	wikidata:software framework|wikidata:software library|wikidata:web framework	Yii=0
0	Yorick	Q3174329	wikidata:programming language	Yorick=0
0	YourKit Java Profiler		onet:Program testing software	YourKit Java Profiler=0
0	YUI Library	Q2300096	wikidata:software library	YUI Library=0|Yahoo! UI Library=0
0	Yul		linguist:programming	Yul=0
0	Z-machine	Q135811	wikidata:software framework|wikidata:software library	Z-machine=0|Z-code=0
0	z/OS operating systems		onet:Network operation system software	z/OS operating systems=0
0	z/VM	Q1399696	wikidata:operating system	z/VM=0
0	ZenScript		linguist:programming	ZenScript=0
0	Zephir		linguist:programming	Zephir=0
0	Zeroshell	Q1152242	wikidata:operating system	Zeroshell=0
0	Zikula	Q1443230	wikidata:software framework|wikidata:software library|wikidata:web framework	Zikula=0
0	ZIL		linguist:programming	ZIL=0
0	Zillions of Games	Q1049355	wikidata:software framework|wikidata:software library	Zillions of Games=0
0	Zimpl		linguist:programming	Zimpl=0
0	zlib	Q207240	wikidata:software library	zlib=0
0	Zmanda Amanda		onet:Backup or archival software	Zmanda Amanda=0
0	Zmodel		linguist:data	Zmodel=0
0	Zoho Projects		onet:Project management software	Zoho Projects=0
0	Zope Object Database	Q220399	wikidata:DBMS	Zope Object Database=0|ZODB=0
0	ZPL	Q3332038	wikidata:programming language	ZPL=0
0	Zstandard	Q26737171	wikidata:software library	Zstandard=0|RFC 8478=0|RFC 8878=0|Zstd=0
0	Zylab ZyImage		onet:File versioning software	Zylab ZyImage=0
0	ZYpp	Q1823191	wikidata:software library	ZYpp=0|libzypp=0
